subject,relationship,object
DB00027,has_transporter,P08183
DB00067,has_transporter,Q92887
DB00091,has_transporter,P08183
DB00091,has_transporter,O95342
DB00091,has_transporter,Q12908
DB00091,has_transporter,Q14973
DB00091,has_transporter,Q4U2R8
DB00091,has_transporter,Q5T3U5
DB00091,has_transporter,Q92887
DB00091,has_transporter,Q9UNQ0
DB00091,has_transporter,Q9Y6L6
DB00091,has_transporter,Q9NPD5
DB00103,has_transporter,P20645
DB00104,has_transporter,P08183
DB00104,has_transporter,Q92887
DB00115,has_transporter,Q9BXJ7
DB00115,has_transporter,P20061
DB00115,has_transporter,P20062
DB00115,has_transporter,P27352
DB00115,has_transporter,O60494
DB00115,has_transporter,P98164
DB00115,has_transporter,P33527
DB00116,has_transporter,Q92887
DB00117,has_transporter,Q8TF71
DB00119,has_transporter,O60669
DB00119,has_transporter,P53985
DB00119,has_transporter,Q8TF71
DB00119,has_transporter,Q92959
DB00119,has_transporter,O15427
DB00120,has_transporter,Q8TF71
DB00121,has_transporter,Q9Y289
DB00121,has_transporter,Q8N695
DB00122,has_transporter,O15244
DB00122,has_transporter,O15245
DB00122,has_transporter,O75751
DB00122,has_transporter,O76082
DB00122,has_transporter,Q9H015
DB00122,has_transporter,Q8WWI5
DB00122,has_transporter,Q53GD3
DB00122,has_transporter,Q8IWA5
DB00122,has_transporter,Q8N4M1
DB00122,has_transporter,Q9GZV3
DB00123,has_transporter,Q8TF71
DB00123,has_transporter,Q9H015
DB00125,has_transporter,O76082
DB00125,has_transporter,Q8TF71
DB00125,has_transporter,Q9H015
DB00126,has_transporter,Q9UHI7
DB00126,has_transporter,Q9UGH3
DB00126,has_transporter,P11166
DB00126,has_transporter,P11169
DB00126,has_transporter,P14672
DB00127,has_transporter,Q9H015
DB00127,has_transporter,O15245
DB00128,has_transporter,Q8TF71
DB00130,has_transporter,Q9H2H9
DB00130,has_transporter,Q96QD8
DB00130,has_transporter,Q99624
DB00130,has_transporter,Q15758
DB00130,has_transporter,Q9UN76
DB00130,has_transporter,Q9UM01
DB00130,has_transporter,Q92536
DB00130,has_transporter,Q01650
DB00130,has_transporter,Q9UHI5
DB00130,has_transporter,P82251
DB00130,has_transporter,Q8TF71
DB00133,has_transporter,Q8TF71
DB00134,has_transporter,Q8TF71
DB00135,has_transporter,P36021
DB00135,has_transporter,Q8TF71
DB00138,has_transporter,Q8TF71
DB00138,has_transporter,P82251
DB00138,has_transporter,Q07837
DB00139,has_transporter,Q8TCC7
DB00139,has_transporter,Q9UBX3
DB00139,has_transporter,Q9BZW2
DB00139,has_transporter,Q13183
DB00139,has_transporter,Q8WWT9
DB00140,has_transporter,Q4U2R8
DB00142,has_transporter,Q8TF71
DB00142,has_transporter,P53985
DB00142,has_transporter,Q9H1K4
DB00142,has_transporter,Q9H936
DB00143,has_transporter,P33527
DB00143,has_transporter,Q92887
DB00143,has_transporter,O15438
DB00143,has_transporter,O15439
DB00143,has_transporter,O15440
DB00145,has_transporter,Q8TF71
DB00145,has_transporter,Q7Z2H8
DB00145,has_transporter,Q9H598
DB00145,has_transporter,Q9Y345
DB00145,has_transporter,P48067
DB00148,has_transporter,O76082
DB00149,has_transporter,Q8TF71
DB00149,has_transporter,P36021
DB00150,has_transporter,P36021
DB00150,has_transporter,Q8TF71
DB00151,has_transporter,Q8TF71
DB00152,has_transporter,O15244
DB00152,has_transporter,O15245
DB00152,has_transporter,O76082
DB00152,has_transporter,O60779
DB00152,has_transporter,Q9BZV2
DB00155,has_transporter,Q4U2R8
DB00156,has_transporter,Q8TF71
DB00158,has_transporter,Q96J66
DB00158,has_transporter,O15438
DB00158,has_transporter,Q4U2R8
DB00158,has_transporter,O15439
DB00158,has_transporter,Q9UNQ0
DB00158,has_transporter,Q96NT5
DB00158,has_transporter,Q9H2D1
DB00160,has_transporter,Q8TF71
DB00161,has_transporter,Q8TF71
DB00162,has_transporter,Q9BX79
DB00163,has_transporter,Q8WTV0
DB00163,has_transporter,O95477
DB00163,has_transporter,Q9UHC9
DB00163,has_transporter,P45844
DB00165,has_transporter,P05186
DB00167,has_transporter,Q8TF71
DB00168,has_transporter,Q4U2R8
DB00168,has_transporter,Q8TCC7
DB00168,has_transporter,Q9NSA0
DB00172,has_transporter,Q8TF71
DB00174,has_transporter,Q8TF71
DB00175,has_transporter,Q9Y6L6
DB00175,has_transporter,O94956
DB00175,has_transporter,P08183
DB00175,has_transporter,P46721
DB00175,has_transporter,Q4U2R8
DB00175,has_transporter,Q8TCC7
DB00175,has_transporter,Q92887
DB00175,has_transporter,Q9NSA0
DB00175,has_transporter,Q9UNQ0
DB00175,has_transporter,Q9Y694
DB00175,has_transporter,P53985
DB00175,has_transporter,O95342
DB00175,has_transporter,Q9NPD5
DB00176,has_transporter,P08183
DB00176,has_transporter,O95342
DB00177,has_transporter,Q9NPD5
DB00177,has_transporter,Q9Y6L6
DB00177,has_transporter,Q92887
DB00178,has_transporter,P46059
DB00178,has_transporter,Q16348
DB00182,has_transporter,O75751
DB00182,has_transporter,O76082
DB00184,has_transporter,O15244
DB00184,has_transporter,O15245
DB00184,has_transporter,O75751
DB00184,has_transporter,O76082
DB00184,has_transporter,Q9H015
DB00188,has_transporter,P08183
DB00188,has_transporter,Q9NPD5
DB00196,has_transporter,P08183
DB00197,has_transporter,O95342
DB00197,has_transporter,Q9Y6L6
DB00198,has_transporter,O15439
DB00198,has_transporter,P46059
DB00198,has_transporter,Q8TCC7
DB00199,has_transporter,Q9NPD5
DB00199,has_transporter,O95342
DB00199,has_transporter,P08183
DB00199,has_transporter,Q9Y6L6
DB00199,has_transporter,Q92887
DB00199,has_transporter,P46721
DB00201,has_transporter,Q9UNQ0
DB00203,has_transporter,O15439
DB00203,has_transporter,O15440
DB00203,has_transporter,Q5T3U5
DB00203,has_transporter,Q9Y6L6
DB00203,has_transporter,P08183
DB00204,has_transporter,O15244
DB00205,has_transporter,Q96FL8
DB00205,has_transporter,Q86VL8
DB00206,has_transporter,P08183
DB00206,has_transporter,O15245
DB00206,has_transporter,O95342
DB00206,has_transporter,Q92887
DB00206,has_transporter,O15244
DB00206,has_transporter,Q9Y6L6
DB00206,has_transporter,O94956
DB00207,has_transporter,P08183
DB00207,has_transporter,Q92887
DB00211,has_transporter,P46059
DB00213,has_transporter,P08183
DB00213,has_transporter,Q9UNQ0
DB00213,has_transporter,Q8TCC7
DB00214,has_transporter,Q9Y6L6
DB00215,has_transporter,P08183
DB00216,has_transporter,P08183
DB00220,has_transporter,P08183
DB00220,has_transporter,O15245
DB00220,has_transporter,P46721
DB00220,has_transporter,Q9UNQ0
DB00220,has_transporter,Q9Y6L6
DB00220,has_transporter,Q9NPD5
DB00220,has_transporter,O94956
DB00220,has_transporter,O95342
DB00222,has_transporter,O95342
DB00224,has_transporter,P08183
DB00224,has_transporter,O15245
DB00224,has_transporter,P33527
DB00224,has_transporter,P46721
DB00224,has_transporter,Q9Y6L6
DB00224,has_transporter,Q92887
DB00224,has_transporter,O94956
DB00224,has_transporter,O95342
DB00227,has_transporter,P08183
DB00227,has_transporter,P46721
DB00227,has_transporter,Q9Y6L6
DB00227,has_transporter,Q92887
DB00227,has_transporter,O95342
DB00227,has_transporter,O94956
DB00227,has_transporter,Q9NPD5
DB00229,has_transporter,Q4U2R8
DB00229,has_transporter,Q8TCC7
DB00230,has_transporter,P43005
DB00230,has_transporter,Q01650
DB00234,has_transporter,P08183
DB00237,has_transporter,P11166
DB00238,has_transporter,O15245
DB00242,has_transporter,Q9UNQ0
DB00242,has_transporter,Q9HAS3
DB00243,has_transporter,O95342
DB00243,has_transporter,P08183
DB00243,has_transporter,Q96FL8
DB00243,has_transporter,Q86VL8
DB00246,has_transporter,P08183
DB00248,has_transporter,P08183
DB00252,has_transporter,Q9NYB5
DB00252,has_transporter,P08183
DB00252,has_transporter,Q92887
DB00253,has_transporter,P46721
DB00253,has_transporter,P08183
DB00253,has_transporter,Q8TCC7
DB00254,has_transporter,Q4U2R8
DB00254,has_transporter,Q2M3G0
DB00255,has_transporter,Q9UNQ0
DB00255,has_transporter,P08183
DB00255,has_transporter,Q9Y6L6
DB00255,has_transporter,O94956
DB00255,has_transporter,O95342
DB00257,has_transporter,P08183
DB00257,has_transporter,O95342
DB00257,has_transporter,Q9Y6L6
DB00257,has_transporter,Q9NPD5
DB00260,has_transporter,Q495M3
DB00264,has_transporter,O15244
DB00270,has_transporter,O95342
DB00273,has_transporter,P08183
DB00274,has_transporter,P46059
DB00274,has_transporter,Q16348
DB00275,has_transporter,Q92887
DB00275,has_transporter,Q9NPD5
DB00275,has_transporter,Q9Y6L6
DB00275,has_transporter,O95342
DB00276,has_transporter,P08183
DB00277,has_transporter,Q9Y694
DB00279,has_transporter,P46721
DB00279,has_transporter,Q9Y6L6
DB00279,has_transporter,Q9NPD5
DB00279,has_transporter,Q6ZQN7
DB00279,has_transporter,Q14973
DB00279,has_transporter,Q9NYB5
DB00279,has_transporter,Q96BD0
DB00279,has_transporter,Q8TCC7
DB00279,has_transporter,Q8TF71
DB00279,has_transporter,P08183
DB00279,has_transporter,Q01650
DB00280,has_transporter,O15245
DB00280,has_transporter,O15244
DB00281,has_transporter,O76082
DB00281,has_transporter,P08183
DB00285,has_transporter,P08183
DB00285,has_transporter,Q9UNQ0
DB00286,has_transporter,O15438
DB00286,has_transporter,O15439
DB00286,has_transporter,P33527
DB00286,has_transporter,P46721
DB00286,has_transporter,Q14973
DB00286,has_transporter,Q63ZE4
DB00286,has_transporter,Q8TCC7
DB00286,has_transporter,Q9NYB5
DB00286,has_transporter,Q9Y6L6
DB00286,has_transporter,O94956
DB00286,has_transporter,P08183
DB00286,has_transporter,Q4U2R8
DB00286,has_transporter,Q86UW1
DB00286,has_transporter,Q86UW2
DB00286,has_transporter,Q92887
DB00286,has_transporter,Q96BD0
DB00286,has_transporter,Q96J66
DB00286,has_transporter,Q9NPD5
DB00286,has_transporter,Q9NSA0
DB00286,has_transporter,Q9UIG8
DB00286,has_transporter,Q9UNQ0
DB00291,has_transporter,P46721
DB00295,has_transporter,P08183
DB00300,has_transporter,Q4U2R8
DB00300,has_transporter,Q8TCC7
DB00300,has_transporter,Q5T3U5
DB00300,has_transporter,O15439
DB00300,has_transporter,Q92887
DB00300,has_transporter,P08183
DB00301,has_transporter,O95342
DB00302,has_transporter,Q16348
DB00311,has_transporter,Q4U2R8
DB00313,has_transporter,Q4U2R8
DB00313,has_transporter,O76082
DB00313,has_transporter,Q8TCC7
DB00313,has_transporter,P53985
DB00313,has_transporter,Q9Y694
DB00313,has_transporter,O94956
DB00315,has_transporter,P08183
DB00316,has_transporter,P08183
DB00317,has_transporter,P08183
DB00317,has_transporter,Q9UNQ0
DB00318,has_transporter,O15245
DB00319,has_transporter,Q4U2R8
DB00319,has_transporter,Q8TCC7
DB00320,has_transporter,P08183
DB00321,has_transporter,P08183
DB00328,has_transporter,O15438
DB00328,has_transporter,O15439
DB00328,has_transporter,O95255
DB00328,has_transporter,P08183
DB00328,has_transporter,P33527
DB00328,has_transporter,P46721
DB00328,has_transporter,Q4U2R8
DB00328,has_transporter,Q8TCC7
DB00328,has_transporter,Q92887
DB00328,has_transporter,Q96J66
DB00328,has_transporter,Q9NSA0
DB00328,has_transporter,Q14973
DB00328,has_transporter,Q9Y694
DB00328,has_transporter,Q9Y6L6
DB00328,has_transporter,O95342
DB00331,has_transporter,O15245
DB00331,has_transporter,O15244
DB00331,has_transporter,O75751
DB00331,has_transporter,Q96FL8
DB00331,has_transporter,Q7RTT9
DB00331,has_transporter,Q86VL8
DB00332,has_transporter,O76082
DB00332,has_transporter,Q9H015
DB00333,has_transporter,P08183
DB00334,has_transporter,P08183
DB00335,has_transporter,O95342
DB00338,has_transporter,Q9UNQ0
DB00338,has_transporter,O15438
DB00338,has_transporter,P08183
DB00341,has_transporter,P08183
DB00342,has_transporter,P08183
DB00342,has_transporter,O95342
DB00343,has_transporter,P08183
DB00344,has_transporter,P08183
DB00345,has_transporter,O15244
DB00345,has_transporter,O76082
DB00345,has_transporter,Q4U2R8
DB00345,has_transporter,Q8TCC7
DB00345,has_transporter,Q92887
DB00345,has_transporter,Q9H015
DB00345,has_transporter,Q9NSA0
DB00345,has_transporter,Q9UIG8
DB00345,has_transporter,Q9Y6L6
DB00345,has_transporter,P33527
DB00345,has_transporter,P46721
DB00345,has_transporter,P53985
DB00345,has_transporter,Q9Y694
DB00349,has_transporter,P30531
DB00349,has_transporter,P48066
DB00349,has_transporter,P08183
DB00351,has_transporter,P08183
DB00352,has_transporter,O15439
DB00358,has_transporter,P08183
DB00363,has_transporter,P08183
DB00365,has_transporter,P08183
DB00365,has_transporter,P33527
DB00365,has_transporter,Q4U2R8
DB00365,has_transporter,O15244
DB00365,has_transporter,O76082
DB00365,has_transporter,Q92887
DB00368,has_transporter,P23975
DB00368,has_transporter,O15244
DB00368,has_transporter,O75751
DB00368,has_transporter,O76082
DB00368,has_transporter,O15245
DB00368,has_transporter,Q01860
DB00369,has_transporter,Q4U2R8
DB00370,has_transporter,P31645
DB00373,has_transporter,P08183
DB00381,has_transporter,P08183
DB00382,has_transporter,P08183
DB00390,has_transporter,P08183
DB00390,has_transporter,Q6ZQN7
DB00390,has_transporter,O95342
DB00390,has_transporter,P46721
DB00390,has_transporter,Q86UW1
DB00390,has_transporter,Q86UW2
DB00390,has_transporter,Q9Y6L6
DB00394,has_transporter,P08183
DB00394,has_transporter,Q9UNQ0
DB00394,has_transporter,Q9Y6L6
DB00394,has_transporter,Q9NPD5
DB00396,has_transporter,P08183
DB00396,has_transporter,O15244
DB00396,has_transporter,O15245
DB00396,has_transporter,O75751
DB00396,has_transporter,O95342
DB00396,has_transporter,P33527
DB00396,has_transporter,Q14973
DB00396,has_transporter,Q9Y6L6
DB00396,has_transporter,Q9UNQ0
DB00396,has_transporter,Q9NPD5
DB00398,has_transporter,Q9UNQ0
DB00398,has_transporter,O15439
DB00398,has_transporter,P08183
DB00398,has_transporter,Q92887
DB00398,has_transporter,Q15311
DB00398,has_transporter,Q9Y6L6
DB00399,has_transporter,P33527
DB00401,has_transporter,P08183
DB00406,has_transporter,O15245
DB00412,has_transporter,Q9Y6L6
DB00412,has_transporter,O95342
DB00413,has_transporter,O15244
DB00413,has_transporter,O15245
DB00413,has_transporter,O75751
DB00415,has_transporter,O76082
DB00415,has_transporter,P46059
DB00415,has_transporter,Q16348
DB00415,has_transporter,P53985
DB00421,has_transporter,Q92887
DB00421,has_transporter,P08183
DB00421,has_transporter,P46721
DB00421,has_transporter,O95342
DB00428,has_transporter,P08183
DB00432,has_transporter,Q4U2R8
DB00432,has_transporter,O00337
DB00432,has_transporter,Q99808
DB00432,has_transporter,Q14542
DB00437,has_transporter,Q8TCC7
DB00437,has_transporter,Q9Y694
DB00437,has_transporter,Q9UNQ0
DB00437,has_transporter,O15244
DB00438,has_transporter,O76082
DB00438,has_transporter,P46059
DB00438,has_transporter,Q16348
DB00438,has_transporter,Q4U2R8
DB00439,has_transporter,P08183
DB00439,has_transporter,Q92887
DB00439,has_transporter,Q9UNQ0
DB00439,has_transporter,Q9Y6L6
DB00439,has_transporter,O95342
DB00440,has_transporter,P08183
DB00440,has_transporter,Q96FL8
DB00440,has_transporter,Q86VL8
DB00441,has_transporter,P08183
DB00441,has_transporter,Q5T3U5
DB00441,has_transporter,Q99808
DB00441,has_transporter,O00337
DB00441,has_transporter,Q14542
DB00441,has_transporter,Q9HAS3
DB00443,has_transporter,P08183
DB00444,has_transporter,O95255
DB00444,has_transporter,Q9UNQ0
DB00445,has_transporter,P33527
DB00446,has_transporter,Q4U2R8
DB00447,has_transporter,P46059
DB00447,has_transporter,Q16348
DB00448,has_transporter,Q9UNQ0
DB00448,has_transporter,P08183
DB00448,has_transporter,Q8TCC7
DB00448,has_transporter,O15245
DB00448,has_transporter,O15244
DB00448,has_transporter,O75751
DB00451,has_transporter,Q9NYB5
DB00451,has_transporter,P36021
DB00451,has_transporter,P08183
DB00451,has_transporter,P46721
DB00451,has_transporter,Q9Y6L6
DB00451,has_transporter,Q9NPD5
DB00451,has_transporter,Q96BD0
DB00451,has_transporter,Q01650
DB00451,has_transporter,O94956
DB00454,has_transporter,P08183
DB00455,has_transporter,P08183
DB00455,has_transporter,O95342
DB00456,has_transporter,O76082
DB00456,has_transporter,P46059
DB00456,has_transporter,Q16348
DB00456,has_transporter,Q4U2R8
DB00456,has_transporter,Q8TCC7
DB00456,has_transporter,Q9NSA0
DB00456,has_transporter,Q9Y694
DB00457,has_transporter,O15245
DB00457,has_transporter,O75751
DB00457,has_transporter,P08183
DB00457,has_transporter,Q9UNQ0
DB00458,has_transporter,P08183
DB00458,has_transporter,O15244
DB00458,has_transporter,O75751
DB00458,has_transporter,Q9H015
DB00468,has_transporter,O15244
DB00468,has_transporter,O15245
DB00468,has_transporter,O76082
DB00468,has_transporter,P08183
DB00468,has_transporter,P46721
DB00468,has_transporter,Q9H015
DB00468,has_transporter,Q9Y6L6
DB00469,has_transporter,Q8TCC7
DB00470,has_transporter,P08183
DB00470,has_transporter,Q9UNQ0
DB00471,has_transporter,O94956
DB00472,has_transporter,P08183
DB00476,has_transporter,P08183
DB00477,has_transporter,P08183
DB00477,has_transporter,O95342
DB00480,has_transporter,P08183
DB00481,has_transporter,Q9Y6L6
DB00481,has_transporter,Q9NPD5
DB00481,has_transporter,P08183
DB00481,has_transporter,Q9UNQ0
DB00481,has_transporter,Q92887
DB00481,has_transporter,O15438
DB00481,has_transporter,O15439
DB00482,has_transporter,O15439
DB00482,has_transporter,O95342
DB00482,has_transporter,P08183
DB00482,has_transporter,Q9UNQ0
DB00485,has_transporter,P46059
DB00485,has_transporter,Q16348
DB00490,has_transporter,P08183
DB00492,has_transporter,P46059
DB00492,has_transporter,Q16348
DB00493,has_transporter,P46059
DB00493,has_transporter,Q16348
DB00493,has_transporter,Q4U2R8
DB00493,has_transporter,Q8TCC7
DB00493,has_transporter,Q9NSA0
DB00493,has_transporter,Q9Y694
DB00495,has_transporter,O15244
DB00495,has_transporter,Q4U2R8
DB00495,has_transporter,Q9Y694
DB00495,has_transporter,Q8TCC7
DB00495,has_transporter,Q9NSA0
DB00495,has_transporter,O00337
DB00495,has_transporter,Q14542
DB00495,has_transporter,P08183
DB00495,has_transporter,O15439
DB00495,has_transporter,O15440
DB00495,has_transporter,Q9UNQ0
DB00500,has_transporter,Q4U2R8
DB00501,has_transporter,P08183
DB00501,has_transporter,O15244
DB00501,has_transporter,O15245
DB00501,has_transporter,O75751
DB00501,has_transporter,O76082
DB00501,has_transporter,Q4U2R8
DB00501,has_transporter,Q8TCC7
DB00501,has_transporter,Q96FL8
DB00501,has_transporter,Q9H015
DB00501,has_transporter,Q9NSA0
DB00501,has_transporter,Q9Y694
DB00501,has_transporter,O95342
DB00501,has_transporter,Q86VL8
DB00502,has_transporter,P08183
DB00503,has_transporter,P08183
DB00503,has_transporter,P33527
DB00503,has_transporter,P46721
DB00503,has_transporter,Q92887
DB00503,has_transporter,Q9UNQ0
DB00503,has_transporter,Q9Y6L6
DB00503,has_transporter,O94956
DB00503,has_transporter,O95342
DB00503,has_transporter,Q9NPD5
DB00508,has_transporter,P08183
DB00509,has_transporter,Q9Y6L6
DB00509,has_transporter,Q9NYB5
DB00509,has_transporter,Q96BD0
DB00509,has_transporter,Q6ZQN7
DB00509,has_transporter,Q01650
DB00515,has_transporter,O15438
DB00515,has_transporter,O15440
DB00515,has_transporter,Q92887
DB00515,has_transporter,O15244
DB00515,has_transporter,O15431
DB00515,has_transporter,O15432
DB00515,has_transporter,O95255
DB00515,has_transporter,P35670
DB00515,has_transporter,Q04656
DB00515,has_transporter,Q9UNQ0
DB00518,has_transporter,P08183
DB00519,has_transporter,P46059
DB00519,has_transporter,Q16348
DB00520,has_transporter,O15245
DB00520,has_transporter,P08183
DB00520,has_transporter,Q4U2R8
DB00520,has_transporter,Q9Y6L6
DB00520,has_transporter,Q9NPD5
DB00523,has_transporter,P08183
DB00526,has_transporter,O15244
DB00526,has_transporter,O15431
DB00526,has_transporter,O75751
DB00526,has_transporter,Q9UNQ0
DB00526,has_transporter,Q92887
DB00526,has_transporter,P35670
DB00526,has_transporter,Q04656
DB00529,has_transporter,Q4U2R8
DB00529,has_transporter,P53985
DB00530,has_transporter,Q9UNQ0
DB00530,has_transporter,P08183
DB00530,has_transporter,O94956
DB00533,has_transporter,O15439
DB00535,has_transporter,O76082
DB00535,has_transporter,P46059
DB00535,has_transporter,Q16348
DB00535,has_transporter,Q4U2R8
DB00535,has_transporter,Q8TCC7
DB00536,has_transporter,O15244
DB00536,has_transporter,O15245
DB00536,has_transporter,O75751
DB00536,has_transporter,O76082
DB00536,has_transporter,Q8TCC7
DB00536,has_transporter,Q9H015
DB00536,has_transporter,Q96FL8
DB00536,has_transporter,Q86VL8
DB00537,has_transporter,P08183
DB00537,has_transporter,Q96FL8
DB00537,has_transporter,Q86VL8
DB00539,has_transporter,P08183
DB00540,has_transporter,P23975
DB00540,has_transporter,P08183
DB00541,has_transporter,P08183
DB00541,has_transporter,O15438
DB00541,has_transporter,O75751
DB00541,has_transporter,P33527
DB00541,has_transporter,Q5T3U5
DB00541,has_transporter,Q92887
DB00541,has_transporter,O95342
DB00541,has_transporter,Q9UNQ0
DB00541,has_transporter,Q15311
DB00541,has_transporter,Q9Y6L6
DB00541,has_transporter,Q9NPD5
DB00542,has_transporter,P46059
DB00542,has_transporter,Q16348
DB00544,has_transporter,Q9Y694
DB00544,has_transporter,Q99808
DB00544,has_transporter,Q9UNQ0
DB00544,has_transporter,O15438
DB00544,has_transporter,O15439
DB00544,has_transporter,O15440
DB00549,has_transporter,Q9UNQ0
DB00554,has_transporter,Q4U2R8
DB00554,has_transporter,Q8TCC7
DB00554,has_transporter,Q9NSA0
DB00554,has_transporter,O94956
DB00555,has_transporter,P08183
DB00555,has_transporter,O15244
DB00555,has_transporter,O15245
DB00557,has_transporter,P08183
DB00559,has_transporter,O95342
DB00563,has_transporter,O15438
DB00563,has_transporter,O15439
DB00563,has_transporter,P33527
DB00563,has_transporter,Q4U2R8
DB00563,has_transporter,Q5T3U5
DB00563,has_transporter,Q8TCC7
DB00563,has_transporter,Q92887
DB00563,has_transporter,P08183
DB00563,has_transporter,P46721
DB00563,has_transporter,P53985
DB00563,has_transporter,Q96J66
DB00563,has_transporter,Q9NPD5
DB00563,has_transporter,Q9NSA0
DB00563,has_transporter,Q9NYB5
DB00563,has_transporter,Q9UIG8
DB00563,has_transporter,Q9UNQ0
DB00563,has_transporter,Q9Y694
DB00563,has_transporter,Q96NT5
DB00563,has_transporter,Q9Y6L6
DB00563,has_transporter,Q6ZQN7
DB00563,has_transporter,P41440
DB00563,has_transporter,P15328
DB00563,has_transporter,P14207
DB00563,has_transporter,P46059
DB00563,has_transporter,Q7Z2H8
DB00564,has_transporter,P08183
DB00564,has_transporter,Q15311
DB00564,has_transporter,Q92887
DB00567,has_transporter,O76082
DB00567,has_transporter,P46059
DB00567,has_transporter,Q16348
DB00567,has_transporter,Q4U2R8
DB00567,has_transporter,Q96FL8
DB00567,has_transporter,Q8TCC7
DB00570,has_transporter,P08183
DB00570,has_transporter,P33527
DB00570,has_transporter,Q92887
DB00570,has_transporter,O95255
DB00570,has_transporter,O95342
DB00570,has_transporter,Q9Y6L6
DB00571,has_transporter,O15244
DB00571,has_transporter,P08183
DB00572,has_transporter,O95342
DB00574,has_transporter,P31645
DB00575,has_transporter,O75751
DB00575,has_transporter,O76082
DB00575,has_transporter,Q9H015
DB00577,has_transporter,P46059
DB00577,has_transporter,Q16348
DB00577,has_transporter,Q8TCC7
DB00577,has_transporter,Q4U2R8
DB00577,has_transporter,Q9UN76
DB00577,has_transporter,Q12908
DB00578,has_transporter,Q4U2R8
DB00583,has_transporter,Q9H015
DB00583,has_transporter,Q9Y6L6
DB00583,has_transporter,O76082
DB00583,has_transporter,Q86VW1
DB00583,has_transporter,Q8TCC7
DB00584,has_transporter,P08183
DB00584,has_transporter,P46059
DB00584,has_transporter,Q4U2R8
DB00584,has_transporter,Q8TCC7
DB00584,has_transporter,Q9Y694
DB00584,has_transporter,P46721
DB00585,has_transporter,P08183
DB00586,has_transporter,Q4U2R8
DB00586,has_transporter,O15439
DB00586,has_transporter,P33527
DB00586,has_transporter,Q8TCC7
DB00586,has_transporter,Q9NSA0
DB00586,has_transporter,Q9NYB5
DB00586,has_transporter,Q9Y6L6
DB00586,has_transporter,O95342
DB00586,has_transporter,P35499
DB00586,has_transporter,P78348
DB00586,has_transporter,O43526
DB00586,has_transporter,O43525
DB00586,has_transporter,P08183
DB00588,has_transporter,P08183
DB00588,has_transporter,Q9Y6L6
DB00590,has_transporter,P08183
DB00590,has_transporter,O15245
DB00594,has_transporter,O15244
DB00594,has_transporter,Q9H015
DB00595,has_transporter,Q4U2R8
DB00595,has_transporter,Q8TCC7
DB00595,has_transporter,Q9NSA0
DB00595,has_transporter,Q9Y694
DB00598,has_transporter,Q2M3G0
DB00602,has_transporter,P08183
DB00602,has_transporter,P33527
DB00602,has_transporter,Q92887
DB00602,has_transporter,Q9UNQ0
DB00602,has_transporter,Q9Y6L6
DB00602,has_transporter,Q9NPD5
DB00603,has_transporter,P08183
DB00605,has_transporter,Q4U2R8
DB00606,has_transporter,Q4U2R8
DB00607,has_transporter,Q4U2R8
DB00608,has_transporter,P08183
DB00612,has_transporter,P08183
DB00613,has_transporter,P08183
DB00615,has_transporter,P08183
DB00619,has_transporter,O15245
DB00619,has_transporter,P08183
DB00619,has_transporter,O15244
DB00619,has_transporter,Q9UNQ0
DB00619,has_transporter,Q99758
DB00619,has_transporter,O95342
DB00622,has_transporter,P08183
DB00622,has_transporter,Q9Y6L6
DB00622,has_transporter,O95342
DB00623,has_transporter,P08183
DB00624,has_transporter,Q8TCC7
DB00624,has_transporter,Q9Y694
DB00624,has_transporter,Q14973
DB00624,has_transporter,Q9UNQ0
DB00624,has_transporter,Q9NPD5
DB00625,has_transporter,O95342
DB00625,has_transporter,O15245
DB00626,has_transporter,P42332
DB00626,has_transporter,P42333
DB00626,has_transporter,P42334
DB00627,has_transporter,O76082
DB00627,has_transporter,O94956
DB00627,has_transporter,P53985
DB00627,has_transporter,Q8N695
DB00627,has_transporter,O15427
DB00631,has_transporter,Q9UNQ0
DB00635,has_transporter,P08183
DB00635,has_transporter,P46721
DB00637,has_transporter,P08183
DB00637,has_transporter,O95342
DB00640,has_transporter,Q9HAS3
DB00641,has_transporter,P08183
DB00641,has_transporter,P46721
DB00641,has_transporter,Q9Y6L6
DB00641,has_transporter,Q92887
DB00641,has_transporter,O95342
DB00641,has_transporter,O94956
DB00641,has_transporter,Q9NPD5
DB00642,has_transporter,Q8TCC7
DB00646,has_transporter,Q9Y6L6
DB00646,has_transporter,Q9NPD5
DB00648,has_transporter,P08183
DB00649,has_transporter,Q4U2R8
DB00649,has_transporter,O00337
DB00650,has_transporter,Q8TCC7
DB00652,has_transporter,P08183
DB00654,has_transporter,Q92959
DB00654,has_transporter,Q4U2R8
DB00654,has_transporter,Q8TCC7
DB00655,has_transporter,O94956
DB00655,has_transporter,P08183
DB00655,has_transporter,P46721
DB00655,has_transporter,Q9UNQ0
DB00655,has_transporter,Q9Y6L6
DB00655,has_transporter,Q8TCC7
DB00656,has_transporter,P08183
DB00659,has_transporter,Q7Z2H8
DB00661,has_transporter,P08183
DB00661,has_transporter,O15245
DB00661,has_transporter,Q9H015
DB00661,has_transporter,O76082
DB00661,has_transporter,O15438
DB00661,has_transporter,Q9Y6L6
DB00661,has_transporter,P46721
DB00661,has_transporter,P33527
DB00661,has_transporter,O15439
DB00661,has_transporter,Q5T3U5
DB00661,has_transporter,Q96FL8
DB00661,has_transporter,Q86VL8
DB00668,has_transporter,O15244
DB00668,has_transporter,O15245
DB00669,has_transporter,P46721
DB00669,has_transporter,P08183
DB00669,has_transporter,Q9UNQ0
DB00669,has_transporter,Q9Y6L6
DB00671,has_transporter,O76082
DB00671,has_transporter,P46059
DB00671,has_transporter,Q16348
DB00672,has_transporter,P46059
DB00672,has_transporter,Q16348
DB00672,has_transporter,Q4U2R8
DB00674,has_transporter,P08183
DB00675,has_transporter,P08183
DB00675,has_transporter,Q9UNQ0
DB00675,has_transporter,Q92887
DB00675,has_transporter,O95342
DB00675,has_transporter,O95477
DB00678,has_transporter,P08183
DB00678,has_transporter,Q4U2R8
DB00678,has_transporter,Q96S37
DB00678,has_transporter,Q9NRM0
DB00678,has_transporter,O95342
DB00688,has_transporter,Q9Y6L6
DB00688,has_transporter,Q9NPD5
DB00688,has_transporter,Q9UNQ0
DB00688,has_transporter,P08183
DB00688,has_transporter,Q92887
DB00689,has_transporter,O76082
DB00690,has_transporter,P08183
DB00690,has_transporter,O15244
DB00691,has_transporter,P46059
DB00691,has_transporter,Q16348
DB00693,has_transporter,Q4U2R8
DB00693,has_transporter,O95342
DB00693,has_transporter,P33527
DB00694,has_transporter,P08183
DB00694,has_transporter,P33527
DB00694,has_transporter,Q5T3U5
DB00694,has_transporter,Q92887
DB00694,has_transporter,O95255
DB00694,has_transporter,O95342
DB00694,has_transporter,Q9UNQ0
DB00695,has_transporter,Q4U2R8
DB00695,has_transporter,O76082
DB00695,has_transporter,Q8TCC7
DB00695,has_transporter,Q92887
DB00695,has_transporter,Q92959
DB00695,has_transporter,Q9NSA0
DB00696,has_transporter,P08183
DB00698,has_transporter,Q9UNQ0
DB00698,has_transporter,O95342
DB00698,has_transporter,P08183
DB00698,has_transporter,Q92887
DB00701,has_transporter,P08183
DB00701,has_transporter,P33527
DB00701,has_transporter,Q9Y6L6
DB00703,has_transporter,Q4U2R8
DB00709,has_transporter,P33527
DB00709,has_transporter,Q4U2R8
DB00709,has_transporter,Q9UNQ0
DB00709,has_transporter,O15245
DB00709,has_transporter,O15244
DB00709,has_transporter,O75751
DB00709,has_transporter,P08183
DB00709,has_transporter,O15439
DB00709,has_transporter,O15438
DB00709,has_transporter,Q92887
DB00712,has_transporter,O15439
DB00712,has_transporter,Q4U2R8
DB00713,has_transporter,P46059
DB00713,has_transporter,Q16348
DB00714,has_transporter,Q05940
DB00715,has_transporter,P08183
DB00717,has_transporter,P08183
DB00718,has_transporter,Q4U2R8
DB00718,has_transporter,O15439
DB00718,has_transporter,O15440
DB00718,has_transporter,O75751
DB00721,has_transporter,Q01959
DB00721,has_transporter,P23975
DB00721,has_transporter,P31645
DB00722,has_transporter,P46059
DB00722,has_transporter,Q16348
DB00726,has_transporter,P08183
DB00728,has_transporter,O15245
DB00728,has_transporter,P46721
DB00731,has_transporter,O15439
DB00731,has_transporter,P53985
DB00731,has_transporter,P46059
DB00731,has_transporter,Q16348
DB00731,has_transporter,Q4U2R8
DB00734,has_transporter,P08183
DB00736,has_transporter,P08183
DB00736,has_transporter,Q8TCC7
DB00740,has_transporter,Q9UNQ0
DB00741,has_transporter,P08183
DB00741,has_transporter,P46721
DB00741,has_transporter,Q8TCC7
DB00747,has_transporter,P08183
DB00749,has_transporter,Q4U2R8
DB00751,has_transporter,P08183
DB00755,has_transporter,P29762
DB00755,has_transporter,P29373
DB00758,has_transporter,P08183
DB00758,has_transporter,O15245
DB00758,has_transporter,O15244
DB00759,has_transporter,Q4U2R8
DB00759,has_transporter,Q8TCC7
DB00759,has_transporter,Q9NSA0
DB00759,has_transporter,Q9Y694
DB00759,has_transporter,O94956
DB00761,has_transporter,P55011
DB00761,has_transporter,Q13621
DB00761,has_transporter,Q9H2X9
DB00761,has_transporter,Q9UHW9
DB00761,has_transporter,Q9Y666
DB00761,has_transporter,Q9UP95
DB00762,has_transporter,O75751
DB00762,has_transporter,Q9Y6L6
DB00762,has_transporter,P33527
DB00762,has_transporter,Q9UNQ0
DB00762,has_transporter,P08183
DB00762,has_transporter,Q92887
DB00766,has_transporter,P13866
DB00768,has_transporter,P08183
DB00770,has_transporter,O15440
DB00770,has_transporter,O94956
DB00770,has_transporter,Q9UIG8
DB00770,has_transporter,O15439
DB00770,has_transporter,Q92959
DB00770,has_transporter,Q4U2R8
DB00773,has_transporter,O15438
DB00773,has_transporter,O95255
DB00773,has_transporter,P08183
DB00773,has_transporter,P33527
DB00773,has_transporter,Q5T3U5
DB00773,has_transporter,Q92887
DB00773,has_transporter,Q9UNQ0
DB00774,has_transporter,Q4U2R8
DB00774,has_transporter,Q8TCC7
DB00776,has_transporter,P08183
DB00779,has_transporter,Q4U2R8
DB00783,has_transporter,O15244
DB00783,has_transporter,O75751
DB00783,has_transporter,Q5T3U5
DB00783,has_transporter,Q9NSA0
DB00783,has_transporter,Q9UNQ0
DB00783,has_transporter,Q9Y6L6
DB00783,has_transporter,P08183
DB00783,has_transporter,Q8TCC7
DB00783,has_transporter,Q9NPD5
DB00783,has_transporter,Q9NYB5
DB00787,has_transporter,O15245
DB00787,has_transporter,Q4U2R8
DB00787,has_transporter,Q8TCC7
DB00787,has_transporter,Q12908
DB00787,has_transporter,Q96FL8
DB00787,has_transporter,Q86VL8
DB00788,has_transporter,P46721
DB00788,has_transporter,Q4U2R8
DB00788,has_transporter,O95342
DB00788,has_transporter,P08183
DB00788,has_transporter,Q8TCC7
DB00790,has_transporter,P46059
DB00790,has_transporter,Q16348
DB00794,has_transporter,Q9HCF6
DB00795,has_transporter,Q9UNQ0
DB00795,has_transporter,Q92887
DB00795,has_transporter,Q96NT5
DB00795,has_transporter,Q9Y6L6
DB00795,has_transporter,Q9NPD5
DB00795,has_transporter,O94956
DB00796,has_transporter,P08183
DB00798,has_transporter,Q4U2R8
DB00802,has_transporter,P08183
DB00811,has_transporter,Q99808
DB00811,has_transporter,Q9HAS3
DB00812,has_transporter,Q4U2R8
DB00812,has_transporter,Q8TCC7
DB00812,has_transporter,Q9NSA0
DB00813,has_transporter,P08183
DB00814,has_transporter,O15439
DB00818,has_transporter,P08183
DB00819,has_transporter,Q4U2R8
DB00821,has_transporter,Q4U2R8
DB00822,has_transporter,O95342
DB00827,has_transporter,Q4U2R8
DB00829,has_transporter,P08183
DB00831,has_transporter,P08183
DB00833,has_transporter,P46059
DB00833,has_transporter,Q16348
DB00833,has_transporter,Q8TCC7
DB00833,has_transporter,O95342
DB00834,has_transporter,P08183
DB00834,has_transporter,P33527
DB00834,has_transporter,O95342
DB00834,has_transporter,Q9Y6L6
DB00834,has_transporter,Q9NPD5
DB00836,has_transporter,P08183
DB00843,has_transporter,Q9UNQ0
DB00845,has_transporter,P08183
DB00845,has_transporter,Q9UNQ0
DB00845,has_transporter,P33527
DB00852,has_transporter,P23975
DB00852,has_transporter,Q01959
DB00852,has_transporter,P31645
DB00855,has_transporter,P46059
DB00855,has_transporter,Q16348
DB00857,has_transporter,A0A059JJ46
DB00859,has_transporter,Q9Y6L6
DB00860,has_transporter,P46721
DB00860,has_transporter,P08183
DB00861,has_transporter,Q4U2R8
DB00862,has_transporter,P08183
DB00863,has_transporter,O15245
DB00863,has_transporter,P08183
DB00863,has_transporter,Q8TCC7
DB00863,has_transporter,O15244
DB00864,has_transporter,P08183
DB00864,has_transporter,Q8WWZ7
DB00864,has_transporter,Q9Y6L6
DB00870,has_transporter,Q96S37
DB00872,has_transporter,P08183
DB00875,has_transporter,P08183
DB00876,has_transporter,Q92887
DB00877,has_transporter,P08183
DB00877,has_transporter,Q9Y6L6
DB00877,has_transporter,Q96FL8
DB00879,has_transporter,Q96FL8
DB00880,has_transporter,Q4U2R8
DB00881,has_transporter,P46059
DB00881,has_transporter,Q16348
DB00881,has_transporter,Q8TCC7
DB00882,has_transporter,P08183
DB00887,has_transporter,Q14973
DB00887,has_transporter,Q4U2R8
DB00887,has_transporter,Q8TCC7
DB00887,has_transporter,Q9NSA0
DB00887,has_transporter,Q9Y694
DB00887,has_transporter,P46721
DB00900,has_transporter,Q4U2R8
DB00900,has_transporter,Q99808
DB00900,has_transporter,Q14542
DB00903,has_transporter,Q4U2R8
DB00907,has_transporter,O15244
DB00907,has_transporter,Q01959
DB00908,has_transporter,O15244
DB00908,has_transporter,O15245
DB00908,has_transporter,O76082
DB00908,has_transporter,P08183
DB00908,has_transporter,P46721
DB00908,has_transporter,Q8TCC7
DB00908,has_transporter,Q92887
DB00908,has_transporter,Q9H015
DB00908,has_transporter,Q9Y6L6
DB00908,has_transporter,O95342
DB00909,has_transporter,P08183
DB00911,has_transporter,O95342
DB00912,has_transporter,Q9Y6L6
DB00912,has_transporter,O95342
DB00914,has_transporter,O15244
DB00914,has_transporter,O15245
DB00915,has_transporter,O15244
DB00915,has_transporter,O15245
DB00916,has_transporter,P08183
DB00917,has_transporter,O15244
DB00917,has_transporter,O15440
DB00917,has_transporter,Q4U2R8
DB00917,has_transporter,Q8TCC7
DB00917,has_transporter,Q9NSA0
DB00917,has_transporter,Q9Y694
DB00917,has_transporter,O15439
DB00917,has_transporter,O94956
DB00917,has_transporter,P46721
DB00917,has_transporter,Q86UW1
DB00917,has_transporter,Q86UW2
DB00917,has_transporter,Q92959
DB00917,has_transporter,Q96BD0
DB00917,has_transporter,Q9NYB5
DB00917,has_transporter,Q9UIG8
DB00917,has_transporter,Q9Y6L6
DB00921,has_transporter,P08183
DB00921,has_transporter,Q9UNQ0
DB00925,has_transporter,O15244
DB00925,has_transporter,O15245
DB00925,has_transporter,O75751
DB00927,has_transporter,Q4U2R8
DB00927,has_transporter,Q8TCC7
DB00927,has_transporter,O15244
DB00927,has_transporter,Q96FL8
DB00932,has_transporter,O95342
DB00932,has_transporter,O94956
DB00932,has_transporter,Q9Y6L6
DB00932,has_transporter,Q9NPD5
DB00932,has_transporter,P08183
DB00936,has_transporter,Q4U2R8
DB00936,has_transporter,Q63ZE4
DB00936,has_transporter,Q8TCC7
DB00936,has_transporter,Q9NSA0
DB00936,has_transporter,O94956
DB00936,has_transporter,P53985
DB00936,has_transporter,Q9Y694
DB00938,has_transporter,O15245
DB00938,has_transporter,O75751
DB00938,has_transporter,O15244
DB00939,has_transporter,Q4U2R8
DB00939,has_transporter,Q9NYB5
DB00943,has_transporter,Q4U2R8
DB00943,has_transporter,Q9Y694
DB00943,has_transporter,Q99808
DB00943,has_transporter,Q14542
DB00945,has_transporter,Q4U2R8
DB00945,has_transporter,P08183
DB00945,has_transporter,Q8TCC7
DB00950,has_transporter,P08183
DB00950,has_transporter,Q9Y6L6
DB00950,has_transporter,Q9NPD5
DB00950,has_transporter,O94956
DB00950,has_transporter,P46721
DB00950,has_transporter,Q92887
DB00950,has_transporter,O15438
DB00950,has_transporter,Q8TCC7
DB00957,has_transporter,Q92887
DB00957,has_transporter,P08183
DB00958,has_transporter,O15431
DB00958,has_transporter,O15432
DB00958,has_transporter,Q04656
DB00958,has_transporter,P35670
DB00958,has_transporter,Q9UNQ0
DB00958,has_transporter,Q92887
DB00959,has_transporter,P08183
DB00966,has_transporter,P08183
DB00966,has_transporter,Q92887
DB00966,has_transporter,Q9UNQ0
DB00966,has_transporter,O95342
DB00967,has_transporter,P08183
DB00968,has_transporter,P46059
DB00970,has_transporter,O76082
DB00970,has_transporter,P08183
DB00970,has_transporter,O95255
DB00970,has_transporter,P33527
DB00970,has_transporter,Q9UNQ0
DB00972,has_transporter,P08183
DB00973,has_transporter,P08183
DB00973,has_transporter,Q92887
DB00973,has_transporter,O15438
DB00973,has_transporter,Q9Y6L6
DB00973,has_transporter,Q9UNQ0
DB00973,has_transporter,O95342
DB00975,has_transporter,O15439
DB00975,has_transporter,O15440
DB00975,has_transporter,P08183
DB00975,has_transporter,Q9Y6L6
DB00975,has_transporter,Q9NPD5
DB00975,has_transporter,O94956
DB00975,has_transporter,O95342
DB00976,has_transporter,Q9Y6L6
DB00976,has_transporter,Q9NPD5
DB00977,has_transporter,O95342
DB00977,has_transporter,Q14973
DB00977,has_transporter,Q92887
DB00977,has_transporter,P08183
DB00977,has_transporter,P46721
DB00978,has_transporter,O76082
DB00978,has_transporter,Q92887
DB00983,has_transporter,O15245
DB00983,has_transporter,O75751
DB00983,has_transporter,Q9H015
DB00983,has_transporter,O76082
DB00987,has_transporter,Q9H015
DB00987,has_transporter,Q5T3U5
DB00987,has_transporter,Q99808
DB00988,has_transporter,O15244
DB00988,has_transporter,O15245
DB00988,has_transporter,O75751
DB00988,has_transporter,O76082
DB00988,has_transporter,Q01860
DB00993,has_transporter,Q14542
DB00993,has_transporter,Q9HAS3
DB00993,has_transporter,P08183
DB00993,has_transporter,Q8NBI5
DB00996,has_transporter,Q01650
DB00997,has_transporter,P08183
DB00997,has_transporter,P33527
DB00997,has_transporter,O15438
DB00997,has_transporter,O95255
DB00997,has_transporter,Q9UNQ0
DB00997,has_transporter,Q86VW1
DB00997,has_transporter,Q5T3U5
DB00997,has_transporter,Q9NUT2
DB00997,has_transporter,O95342
DB00997,has_transporter,Q15311
DB00997,has_transporter,Q92887
DB00999,has_transporter,Q4U2R8
DB00999,has_transporter,Q8TCC7
DB00999,has_transporter,Q9NSA0
DB00999,has_transporter,O15439
DB01000,has_transporter,O76082
DB01000,has_transporter,P46059
DB01000,has_transporter,Q16348
DB01004,has_transporter,O15245
DB01004,has_transporter,Q4U2R8
DB01004,has_transporter,Q8TCC7
DB01004,has_transporter,Q9Y694
DB01004,has_transporter,Q96FL8
DB01004,has_transporter,Q86VL8
DB01006,has_transporter,P08183
DB01009,has_transporter,O15439
DB01009,has_transporter,P46721
DB01009,has_transporter,Q4U2R8
DB01009,has_transporter,Q8TCC7
DB01009,has_transporter,Q9NSA0
DB01009,has_transporter,Q9Y694
DB01011,has_transporter,O15438
DB01015,has_transporter,O95342
DB01016,has_transporter,O15438
DB01016,has_transporter,O95342
DB01016,has_transporter,P08183
DB01016,has_transporter,P33527
DB01016,has_transporter,P46059
DB01016,has_transporter,P46721
DB01016,has_transporter,Q16348
DB01016,has_transporter,Q4U2R8
DB01016,has_transporter,Q92887
DB01016,has_transporter,Q9UNQ0
DB01016,has_transporter,Q9Y694
DB01016,has_transporter,O94956
DB01017,has_transporter,P02931
DB01017,has_transporter,P06996
DB01017,has_transporter,Q4U2R8
DB01017,has_transporter,Q9Y694
DB01018,has_transporter,Q96FL8
DB01018,has_transporter,O15245
DB01018,has_transporter,O15244
DB01023,has_transporter,P08183
DB01023,has_transporter,O95342
DB01026,has_transporter,P08183
DB01026,has_transporter,Q9Y6L6
DB01026,has_transporter,O95342
DB01030,has_transporter,Q9UNQ0
DB01030,has_transporter,P08183
DB01030,has_transporter,Q96FL8
DB01030,has_transporter,Q86VL8
DB01032,has_transporter,O15244
DB01032,has_transporter,O15245
DB01032,has_transporter,O15438
DB01032,has_transporter,O15439
DB01032,has_transporter,O15440
DB01032,has_transporter,O60669
DB01032,has_transporter,O76082
DB01032,has_transporter,O95255
DB01032,has_transporter,P33527
DB01032,has_transporter,P46721
DB01032,has_transporter,P53985
DB01032,has_transporter,Q14973
DB01032,has_transporter,Q4U2R8
DB01032,has_transporter,Q63ZE4
DB01032,has_transporter,Q8TCC7
DB01032,has_transporter,Q92887
DB01032,has_transporter,Q96J66
DB01032,has_transporter,Q9NSA0
DB01032,has_transporter,Q9NYB5
DB01032,has_transporter,Q9Y694
DB01032,has_transporter,Q96S37
DB01032,has_transporter,Q9NRM0
DB01033,has_transporter,Q8TCC7
DB01033,has_transporter,O15439
DB01033,has_transporter,O15440
DB01033,has_transporter,O43868
DB01033,has_transporter,Q9HAS3
DB01033,has_transporter,Q99808
DB01033,has_transporter,Q14542
DB01035,has_transporter,O15244
DB01035,has_transporter,O15245
DB01035,has_transporter,O75751
DB01035,has_transporter,O76082
DB01035,has_transporter,Q9H015
DB01035,has_transporter,Q96FL8
DB01035,has_transporter,Q86VL8
DB01037,has_transporter,P08183
DB01039,has_transporter,O95342
DB01042,has_transporter,O75751
DB01042,has_transporter,Q01650
DB01043,has_transporter,O15244
DB01043,has_transporter,P19634
DB01043,has_transporter,Q9H015
DB01043,has_transporter,Q96FL8
DB01045,has_transporter,P08183
DB01045,has_transporter,Q9NPD5
DB01045,has_transporter,P33527
DB01045,has_transporter,Q9Y694
DB01045,has_transporter,Q9Y6L6
DB01045,has_transporter,O15438
DB01045,has_transporter,O15440
DB01045,has_transporter,O94956
DB01045,has_transporter,P46721
DB01045,has_transporter,O95342
DB01045,has_transporter,Q92887
DB01045,has_transporter,Q4U2R8
DB01045,has_transporter,Q8TCC7
DB01050,has_transporter,O94956
DB01050,has_transporter,P08183
DB01050,has_transporter,O15439
DB01050,has_transporter,P33527
DB01050,has_transporter,P46721
DB01050,has_transporter,Q4U2R8
DB01050,has_transporter,Q8TCC7
DB01050,has_transporter,Q9NSA0
DB01051,has_transporter,Q4U2R8
DB01051,has_transporter,Q8TCC7
DB01051,has_transporter,Q9NSA0
DB01051,has_transporter,Q9UNQ0
DB01051,has_transporter,Q9Y6L6
DB01051,has_transporter,Q9NPD5
DB01051,has_transporter,O94956
DB01053,has_transporter,O76082
DB01053,has_transporter,P46059
DB01053,has_transporter,Q16348
DB01053,has_transporter,Q4U2R8
DB01053,has_transporter,Q8TCC7
DB01053,has_transporter,Q9H015
DB01053,has_transporter,Q9NSA0
DB01053,has_transporter,O94956
DB01053,has_transporter,Q96BD0
DB01053,has_transporter,Q9UIG8
DB01053,has_transporter,Q9Y6L6
DB01054,has_transporter,P08183
DB01054,has_transporter,O95342
DB01059,has_transporter,O76082
DB01059,has_transporter,Q4U2R8
DB01060,has_transporter,P46059
DB01060,has_transporter,Q16348
DB01060,has_transporter,Q4U2R8
DB01065,has_transporter,Q8TCC7
DB01067,has_transporter,O95342
DB01069,has_transporter,P08183
DB01069,has_transporter,O15438
DB01069,has_transporter,O15439
DB01072,has_transporter,P08183
DB01072,has_transporter,P33527
DB01072,has_transporter,Q9Y6L6
DB01072,has_transporter,Q9NPD5
DB01072,has_transporter,O95342
DB01072,has_transporter,O94956
DB01073,has_transporter,Q99808
DB01073,has_transporter,Q9HAS3
DB01075,has_transporter,O15244
DB01075,has_transporter,O76082
DB01076,has_transporter,P08183
DB01076,has_transporter,P46721
DB01076,has_transporter,Q9Y6L6
DB01076,has_transporter,O15439
DB01076,has_transporter,O15440
DB01076,has_transporter,P33527
DB01076,has_transporter,O94956
DB01076,has_transporter,Q9NPD5
DB01076,has_transporter,Q92887
DB01076,has_transporter,O95342
DB01079,has_transporter,P31645
DB01079,has_transporter,Q9UNQ0
DB01079,has_transporter,P08183
DB01080,has_transporter,Q7Z2H8
DB01082,has_transporter,Q4U2R8
DB01086,has_transporter,P08183
DB01087,has_transporter,P08183
DB01088,has_transporter,O94956
DB01088,has_transporter,Q92959
DB01088,has_transporter,Q9UIG8
DB01092,has_transporter,P46721
DB01092,has_transporter,Q8TCC7
DB01092,has_transporter,Q6ZQN7
DB01092,has_transporter,Q9NPD5
DB01092,has_transporter,Q9NYB5
DB01092,has_transporter,Q9Y6L6
DB01094,has_transporter,Q9UNQ0
DB01095,has_transporter,Q9Y6L6
DB01095,has_transporter,Q9NPD5
DB01095,has_transporter,O94956
DB01095,has_transporter,P46059
DB01095,has_transporter,Q92887
DB01097,has_transporter,Q9UNQ0
DB01098,has_transporter,O15439
DB01098,has_transporter,P46721
DB01098,has_transporter,Q9Y6L6
DB01098,has_transporter,Q9NPD5
DB01098,has_transporter,O94956
DB01098,has_transporter,Q9UPY5
DB01098,has_transporter,O95342
DB01098,has_transporter,Q9UNQ0
DB01098,has_transporter,Q92887
DB01098,has_transporter,Q8TCC7
DB01098,has_transporter,Q14973
DB01100,has_transporter,P08183
DB01103,has_transporter,O15244
DB01103,has_transporter,P08183
DB01104,has_transporter,P08183
DB01110,has_transporter,P08183
DB01112,has_transporter,P46059
DB01112,has_transporter,Q16348
DB01114,has_transporter,O15244
DB01114,has_transporter,O15245
DB01115,has_transporter,O15438
DB01115,has_transporter,P08183
DB01115,has_transporter,Q92887
DB01115,has_transporter,Q9Y6L6
DB01115,has_transporter,O95342
DB01117,has_transporter,P08183
DB01118,has_transporter,P08183
DB01118,has_transporter,O95342
DB01118,has_transporter,O15244
DB01124,has_transporter,P46059
DB01124,has_transporter,P46721
DB01124,has_transporter,Q4U2R8
DB01124,has_transporter,Q16348
DB01124,has_transporter,O94956
DB01126,has_transporter,Q61327
DB01126,has_transporter,Q8BRU6
DB01128,has_transporter,P08183
DB01129,has_transporter,Q9UNQ0
DB01132,has_transporter,Q9NPD5
DB01132,has_transporter,Q9Y6L6
DB01136,has_transporter,P08183
DB01137,has_transporter,P08183
DB01137,has_transporter,Q96FL8
DB01137,has_transporter,Q86VL8
DB01137,has_transporter,O15245
DB01137,has_transporter,O15244
DB01137,has_transporter,Q9H015
DB01137,has_transporter,P46721
DB01137,has_transporter,Q6ZQN7
DB01138,has_transporter,O15438
DB01138,has_transporter,O15439
DB01138,has_transporter,O15440
DB01138,has_transporter,O95255
DB01138,has_transporter,P33527
DB01138,has_transporter,Q92887
DB01138,has_transporter,O95342
DB01140,has_transporter,P46059
DB01140,has_transporter,O76082
DB01140,has_transporter,Q4U2R8
DB01140,has_transporter,Q16348
DB01140,has_transporter,Q8TCC7
DB01142,has_transporter,P08183
DB01147,has_transporter,P46059
DB01147,has_transporter,Q16348
DB01147,has_transporter,Q4U2R8
DB01149,has_transporter,P08183
DB01149,has_transporter,Q9NPD5
DB01149,has_transporter,O94956
DB01149,has_transporter,O95342
DB01151,has_transporter,P08183
DB01151,has_transporter,O15245
DB01151,has_transporter,O75751
DB01151,has_transporter,O15244
DB01151,has_transporter,O76082
DB01151,has_transporter,Q9H015
DB01156,has_transporter,O15244
DB01157,has_transporter,P41440
DB01160,has_transporter,O15244
DB01160,has_transporter,Q4U2R8
DB01160,has_transporter,Q9Y694
DB01160,has_transporter,Q8TCC7
DB01160,has_transporter,Q9NSA0
DB01160,has_transporter,Q92959
DB01160,has_transporter,Q9UIG8
DB01162,has_transporter,P08183
DB01165,has_transporter,O76082
DB01165,has_transporter,P33527
DB01165,has_transporter,Q4U2R8
DB01165,has_transporter,Q92887
DB01165,has_transporter,Q9H015
DB01165,has_transporter,O95342
DB01167,has_transporter,P08183
DB01167,has_transporter,O94956
DB01169,has_transporter,Q92887
DB01169,has_transporter,P08183
DB01174,has_transporter,P08183
DB01174,has_transporter,O15438
DB01174,has_transporter,O95342
DB01174,has_transporter,P33527
DB01174,has_transporter,Q92959
DB01174,has_transporter,Q92887
DB01175,has_transporter,P08183
DB01177,has_transporter,P33527
DB01182,has_transporter,P08183
DB01183,has_transporter,P46721
DB01183,has_transporter,P08183
DB01184,has_transporter,P08183
DB01190,has_transporter,P08183
DB01193,has_transporter,P08183
DB01195,has_transporter,P08183
DB01195,has_transporter,Q96FL8
DB01196,has_transporter,P08183
DB01197,has_transporter,P08183
DB01197,has_transporter,P46059
DB01197,has_transporter,Q4U2R8
DB01199,has_transporter,O15245
DB01199,has_transporter,O15244
DB01200,has_transporter,P08183
DB01202,has_transporter,P08183
DB01203,has_transporter,P08183
DB01203,has_transporter,P14859
DB01203,has_transporter,P09086
DB01203,has_transporter,Q96FL8
DB01203,has_transporter,Q86VL8
DB01204,has_transporter,P08183
DB01204,has_transporter,P33527
DB01204,has_transporter,Q9UNQ0
DB01208,has_transporter,O76082
DB01208,has_transporter,Q92887
DB01208,has_transporter,P08183
DB01211,has_transporter,Q9Y694
DB01211,has_transporter,P08183
DB01211,has_transporter,O95342
DB01211,has_transporter,Q9Y6L6
DB01211,has_transporter,Q9NPD5
DB01212,has_transporter,P46059
DB01212,has_transporter,Q16348
DB01212,has_transporter,Q4U2R8
DB01212,has_transporter,Q8TCC7
DB01212,has_transporter,Q9NSA0
DB01212,has_transporter,P08183
DB01216,has_transporter,Q91V14
DB01217,has_transporter,P08183
DB01222,has_transporter,O95342
DB01222,has_transporter,P08183
DB01222,has_transporter,P46721
DB01222,has_transporter,Q8TCC7
DB01224,has_transporter,P08183
DB01229,has_transporter,O95342
DB01229,has_transporter,P08183
DB01229,has_transporter,P33527
DB01229,has_transporter,Q5T3U5
DB01229,has_transporter,Q9NPD5
DB01229,has_transporter,Q92887
DB01232,has_transporter,P08183
DB01232,has_transporter,O15245
DB01232,has_transporter,P46721
DB01232,has_transporter,Q9UNQ0
DB01232,has_transporter,Q9Y6L6
DB01232,has_transporter,P33527
DB01232,has_transporter,Q92887
DB01232,has_transporter,O94956
DB01232,has_transporter,O95342
DB01233,has_transporter,P08183
DB01234,has_transporter,P08183
DB01234,has_transporter,Q8TCC7
DB01234,has_transporter,O95342
DB01234,has_transporter,Q92887
DB01234,has_transporter,Q9UNQ0
DB01234,has_transporter,P46721
DB01235,has_transporter,P46059
DB01235,has_transporter,Q8TF71
DB01235,has_transporter,Q01650
DB01235,has_transporter,Q9UHI5
DB01237,has_transporter,Q4U2R8
DB01239,has_transporter,P08183
DB01242,has_transporter,P08183
DB01244,has_transporter,P08183
DB01248,has_transporter,P08183
DB01248,has_transporter,Q5T3U5
DB01248,has_transporter,Q9NPD5
DB01248,has_transporter,Q9Y694
DB01248,has_transporter,Q9UNQ0
DB01248,has_transporter,Q92887
DB01248,has_transporter,P33527
DB01253,has_transporter,P08183
DB01254,has_transporter,P08183
DB01254,has_transporter,Q9UNQ0
DB01255,has_transporter,P46059
DB01259,has_transporter,P08183
DB01259,has_transporter,Q03518
DB01261,has_transporter,P08183
DB01261,has_transporter,Q8TCC7
DB01262,has_transporter,O00337
DB01263,has_transporter,P08183
DB01264,has_transporter,Q9Y6L6
DB01264,has_transporter,P08183
DB01267,has_transporter,P08183
DB01268,has_transporter,O15439
DB01268,has_transporter,P08183
DB01268,has_transporter,Q92887
DB01268,has_transporter,Q9UNQ0
DB01273,has_transporter,O15244
DB01303,has_transporter,Q9Y694
DB01323,has_transporter,P08183
DB01324,has_transporter,Q4U2R8
DB01324,has_transporter,Q8TCC7
DB01326,has_transporter,Q4U2R8
DB01326,has_transporter,Q8TCC7
DB01326,has_transporter,Q9NSA0
DB01326,has_transporter,Q9Y694
DB01327,has_transporter,O15439
DB01327,has_transporter,Q4U2R8
DB01327,has_transporter,Q8TCC7
DB01327,has_transporter,Q9NSA0
DB01329,has_transporter,Q4U2R8
DB01329,has_transporter,Q8TCC7
DB01329,has_transporter,Q9NSA0
DB01329,has_transporter,Q9Y694
DB01332,has_transporter,P46059
DB01332,has_transporter,Q4U2R8
DB01332,has_transporter,Q8TCC7
DB01333,has_transporter,O76082
DB01333,has_transporter,P46059
DB01333,has_transporter,Q16348
DB01333,has_transporter,Q4U2R8
DB01333,has_transporter,Q96FL8
DB01337,has_transporter,O15245
DB01337,has_transporter,O15244
DB01339,has_transporter,P08183
DB01340,has_transporter,P08183
DB01340,has_transporter,P46059
DB01340,has_transporter,Q16348
DB01348,has_transporter,P46059
DB01348,has_transporter,Q16348
DB01364,has_transporter,Q05940
DB01388,has_transporter,P08183
DB01390,has_transporter,Q9Y6R1
DB01390,has_transporter,Q9Y6M7
DB01390,has_transporter,Q2Y0W8
DB01390,has_transporter,Q9BY07
DB01390,has_transporter,Q6U841
DB01393,has_transporter,Q9Y6L6
DB01394,has_transporter,P08183
DB01396,has_transporter,P46721
DB01396,has_transporter,Q6ZQN7
DB01396,has_transporter,P08183
DB01409,has_transporter,O76082
DB01409,has_transporter,Q9H015
DB01411,has_transporter,Q92887
DB01413,has_transporter,O76082
DB01413,has_transporter,P46059
DB01413,has_transporter,Q16348
DB01414,has_transporter,Q4U2R8
DB01414,has_transporter,Q8TCC7
DB01415,has_transporter,P46059
DB01415,has_transporter,Q16348
DB01415,has_transporter,Q4U2R8
DB01415,has_transporter,Q8TCC7
DB01418,has_transporter,P08183
DB01420,has_transporter,P08183
DB01424,has_transporter,Q4U2R8
DB01435,has_transporter,Q4U2R8
DB01440,has_transporter,O60669
DB01440,has_transporter,P53985
DB01440,has_transporter,O15427
DB01454,has_transporter,P23975
DB01454,has_transporter,Q01959
DB01454,has_transporter,P31645
DB01576,has_transporter,Q01959
DB01577,has_transporter,O75751
DB01577,has_transporter,O76082
DB01580,has_transporter,O15244
DB01583,has_transporter,P46721
DB01583,has_transporter,Q9Y6L6
DB01583,has_transporter,Q9NPD5
DB01583,has_transporter,Q6ZQN7
DB01583,has_transporter,Q14973
DB01583,has_transporter,Q9NYB5
DB01583,has_transporter,Q96BD0
DB01583,has_transporter,Q8TCC7
DB01583,has_transporter,P36021
DB01583,has_transporter,Q8TF71
DB01583,has_transporter,P08183
DB01586,has_transporter,O95342
DB01586,has_transporter,P46721
DB01586,has_transporter,Q92887
DB01586,has_transporter,O15439
DB01586,has_transporter,Q12908
DB01586,has_transporter,Q14973
DB01587,has_transporter,P08183
DB01590,has_transporter,Q9Y6L6
DB01590,has_transporter,Q9NPD5
DB01590,has_transporter,P46721
DB01590,has_transporter,P08183
DB01597,has_transporter,Q4U2R8
DB01597,has_transporter,Q8TCC7
DB01601,has_transporter,P08183
DB01601,has_transporter,Q9Y6L6
DB01601,has_transporter,Q9NPD5
DB01601,has_transporter,O95342
DB01606,has_transporter,Q4U2R8
DB01606,has_transporter,Q8TCC7
DB01610,has_transporter,P46059
DB01610,has_transporter,Q16348
DB01610,has_transporter,Q9UN76
DB01611,has_transporter,P08183
DB01611,has_transporter,P46721
DB01621,has_transporter,O15245
DB01623,has_transporter,O15245
DB01645,has_transporter,P08183
DB01645,has_transporter,P33527
DB01645,has_transporter,Q9UNQ0
DB01645,has_transporter,Q9Y6L6
DB01645,has_transporter,O94956
DB01650,has_transporter,Q8TCC7
DB01685,has_transporter,Q9UNQ0
DB01685,has_transporter,Q8TCC7
DB01685,has_transporter,Q4U2R8
DB01708,has_transporter,Q9NPD5
DB01708,has_transporter,O94956
DB01708,has_transporter,Q9Y6L6
DB01708,has_transporter,P46721
DB01708,has_transporter,P33527
DB01708,has_transporter,Q9UNQ0
DB01708,has_transporter,O15439
DB01746,has_transporter,Q8TF71
DB01746,has_transporter,Q01650
DB01762,has_transporter,O60669
DB01762,has_transporter,P53985
DB01762,has_transporter,O15427
DB01762,has_transporter,Q8N695
DB01786,has_transporter,Q8TF71
DB01819,has_transporter,Q92959
DB01892,has_transporter,Q92887
DB01892,has_transporter,Q9Y6L6
DB01914,has_transporter,P11166
DB01914,has_transporter,P11168
DB01914,has_transporter,P11169
DB01914,has_transporter,P14672
DB01914,has_transporter,P22732
DB01914,has_transporter,Q9UGQ3
DB01914,has_transporter,Q6PXP3
DB01914,has_transporter,Q9NY64
DB01914,has_transporter,Q9NRM0
DB01914,has_transporter,O95528
DB01914,has_transporter,Q9BYW1
DB01914,has_transporter,Q8TD20
DB01914,has_transporter,P13866
DB01914,has_transporter,P31639
DB01917,has_transporter,Q9H015
DB01942,has_transporter,O15427
DB01956,has_transporter,Q7Z2H8
DB01956,has_transporter,P31641
DB01956,has_transporter,P46059
DB02010,has_transporter,P08183
DB02056,has_transporter,Q92959
DB02115,has_transporter,Q9UNQ0
DB02123,has_transporter,O95342
DB02123,has_transporter,P46721
DB02123,has_transporter,Q12908
DB02123,has_transporter,Q14973
DB02261,has_transporter,P08183
DB02263,has_transporter,Q92959
DB02266,has_transporter,Q4U2R8
DB02315,has_transporter,Q4U2R8
DB02375,has_transporter,P33527
DB02527,has_transporter,O15439
DB02527,has_transporter,O15440
DB02527,has_transporter,Q96J66
DB02527,has_transporter,Q4U2R8
DB02527,has_transporter,Q8TCC7
DB02527,has_transporter,Q9Y694
DB02530,has_transporter,Q7Z2H8
DB02556,has_transporter,Q8TF71
DB02556,has_transporter,Q01650
DB02587,has_transporter,P08183
DB02659,has_transporter,O95342
DB02659,has_transporter,P08183
DB02659,has_transporter,P33527
DB02659,has_transporter,P46721
DB02659,has_transporter,Q12908
DB02659,has_transporter,Q92887
DB02659,has_transporter,Q9Y6L6
DB02659,has_transporter,O15438
DB02659,has_transporter,O15439
DB02659,has_transporter,Q14973
DB02659,has_transporter,Q8TCC7
DB02659,has_transporter,Q9Y694
DB02659,has_transporter,Q9NPD5
DB02691,has_transporter,P46721
DB02691,has_transporter,Q9Y6L6
DB02691,has_transporter,Q9NPD5
DB02703,has_transporter,O95342
DB02703,has_transporter,Q92887
DB02703,has_transporter,Q9UNQ0
DB02703,has_transporter,Q9Y6L6
DB02745,has_transporter,Q99808
DB02746,has_transporter,O94956
DB02750,has_transporter,Q01650
DB02750,has_transporter,Q9UHI5
DB02789,has_transporter,Q3KNW5
DB02853,has_transporter,Q7Z2H8
DB02901,has_transporter,P08183
DB02952,has_transporter,Q8TF71
DB03066,has_transporter,O60669
DB03066,has_transporter,P53985
DB03066,has_transporter,O15427
DB03107,has_transporter,Q8TF71
DB03128,has_transporter,O76082
DB03128,has_transporter,O15245
DB03166,has_transporter,O94956
DB03166,has_transporter,P53985
DB03203,has_transporter,P08183
DB03225,has_transporter,Q8TF71
DB03424,has_transporter,P46059
DB03424,has_transporter,Q16348
DB03467,has_transporter,O94956
DB03467,has_transporter,P08183
DB03467,has_transporter,P33527
DB03467,has_transporter,Q9UNQ0
DB03496,has_transporter,Q9UNQ0
DB03553,has_transporter,Q4U2R8
DB03553,has_transporter,Q8TCC7
DB03553,has_transporter,Q9NSA0
DB03553,has_transporter,Q9Y694
DB03566,has_transporter,Q9H015
DB03566,has_transporter,O15245
DB03581,has_transporter,Q92959
DB03585,has_transporter,Q4U2R8
DB03619,has_transporter,O95342
DB03619,has_transporter,P46721
DB03619,has_transporter,Q12908
DB03619,has_transporter,Q14973
DB03773,has_transporter,O60669
DB03773,has_transporter,P53985
DB03783,has_transporter,Q4U2R8
DB03793,has_transporter,O94956
DB03793,has_transporter,Q8TCC7
DB03793,has_transporter,P53985
DB03825,has_transporter,P33527
DB03825,has_transporter,P08183
DB03839,has_transporter,Q8TF71
DB03884,has_transporter,O15427
DB03902,has_transporter,O94956
DB03902,has_transporter,Q8TCC7
DB03904,has_transporter,Q15849
DB03904,has_transporter,Q13336
DB03929,has_transporter,Q8TF71
DB03929,has_transporter,Q9UN76
DB03940,has_transporter,O15427
DB04074,has_transporter,O60669
DB04074,has_transporter,P53985
DB04074,has_transporter,O15427
DB04100,has_transporter,Q92887
DB04133,has_transporter,O76082
DB04133,has_transporter,Q4U2R8
DB04133,has_transporter,Q8TCC7
DB04133,has_transporter,Q9NSA0
DB04216,has_transporter,P33527
DB04216,has_transporter,Q92887
DB04216,has_transporter,O60669
DB04216,has_transporter,O94956
DB04216,has_transporter,P08183
DB04216,has_transporter,P53985
DB04216,has_transporter,Q9UNQ0
DB04216,has_transporter,Q9Y6L6
DB04272,has_transporter,O94956
DB04335,has_transporter,Q9HAS3
DB04343,has_transporter,O15427
DB04348,has_transporter,O95342
DB04348,has_transporter,P33527
DB04348,has_transporter,P46721
DB04348,has_transporter,Q12908
DB04348,has_transporter,Q92887
DB04348,has_transporter,Q9Y6L6
DB04348,has_transporter,O15438
DB04348,has_transporter,O15439
DB04348,has_transporter,P08183
DB04348,has_transporter,Q4U2R8
DB04348,has_transporter,Q5T3U5
DB04348,has_transporter,Q8TCC7
DB04348,has_transporter,Q96BD0
DB04348,has_transporter,Q96J66
DB04348,has_transporter,Q9NYB5
DB04348,has_transporter,Q9UIG8
DB04348,has_transporter,Q9UNQ0
DB04348,has_transporter,O94956
DB04348,has_transporter,P53985
DB04348,has_transporter,Q14973
DB04348,has_transporter,Q86UW1
DB04348,has_transporter,Q86UW2
DB04348,has_transporter,Q9NPD5
DB04348,has_transporter,Q9UPY5
DB04398,has_transporter,O60669
DB04398,has_transporter,O94956
DB04398,has_transporter,P53985
DB04398,has_transporter,Q8TF71
DB04398,has_transporter,Q92959
DB04398,has_transporter,O15427
DB04485,has_transporter,Q9HAS3
DB04519,has_transporter,Q4U2R8
DB04519,has_transporter,Q8TCC7
DB04519,has_transporter,Q9NSA0
DB04540,has_transporter,P08183
DB04540,has_transporter,Q9UNQ0
DB04551,has_transporter,Q92959
DB04552,has_transporter,O60669
DB04552,has_transporter,P53985
DB04557,has_transporter,Q92959
DB04573,has_transporter,P46721
DB04573,has_transporter,P08183
DB04574,has_transporter,Q96FL8
DB04574,has_transporter,Q86VL8
DB04630,has_transporter,P08183
DB04630,has_transporter,O76082
DB04630,has_transporter,P46721
DB04690,has_transporter,P08183
DB04690,has_transporter,Q9UNQ0
DB04789,has_transporter,Q92887
DB04830,has_transporter,O15245
DB04832,has_transporter,P08183
DB04840,has_transporter,P08183
DB04845,has_transporter,P08183
DB04850,has_transporter,Q9Y6L6
DB04851,has_transporter,P08183
DB04855,has_transporter,P08183
DB04855,has_transporter,O15244
DB04855,has_transporter,O15245
DB04855,has_transporter,Q9Y6L6
DB04855,has_transporter,Q9NPD5
DB04855,has_transporter,Q8TCC7
DB04868,has_transporter,P08183
DB04868,has_transporter,Q9UNQ0
DB04868,has_transporter,P22309
DB04868,has_transporter,Q9Y6L6
DB04877,has_transporter,P08183
DB04881,has_transporter,Q9UNQ0
DB04881,has_transporter,P08183
DB04908,has_transporter,P08183
DB04948,has_transporter,Q2M3G0
DB04948,has_transporter,Q96FL8
DB04960,has_transporter,P08183
DB05015,has_transporter,P08183
DB05039,has_transporter,P08183
DB05154,has_transporter,Q8TCC7
DB05239,has_transporter,Q9Y6L6
DB05239,has_transporter,Q9NPD5
DB05239,has_transporter,Q9UNQ0
DB05239,has_transporter,P08183
DB05294,has_transporter,P33527
DB05294,has_transporter,Q9UNQ0
DB05294,has_transporter,O15244
DB05294,has_transporter,P08183
DB05381,has_transporter,O15244
DB05381,has_transporter,O15245
DB05381,has_transporter,O75751
DB05381,has_transporter,O76082
DB05382,has_transporter,Q92911
DB05382,has_transporter,O43511
DB05383,has_transporter,O15244
DB05521,has_transporter,P08183
DB05540,has_transporter,Q9UPY5
DB05676,has_transporter,P08183
DB05773,has_transporter,P08183
DB05804,has_transporter,Q8TCC7
DB05804,has_transporter,P46721
DB05804,has_transporter,Q9Y6L6
DB05804,has_transporter,Q9NPD5
DB05804,has_transporter,O94956
DB05804,has_transporter,Q3KNW5
DB05804,has_transporter,O95342
DB05812,has_transporter,P33527
DB05889,has_transporter,P08183
DB05928,has_transporter,O15438
DB05928,has_transporter,Q9UNQ0
DB05928,has_transporter,Q9Y6L6
DB05928,has_transporter,O94956
DB05928,has_transporter,Q9NPD5
DB05928,has_transporter,P08183
DB05990,has_transporter,O95342
DB06137,has_transporter,Q96FL8
DB06137,has_transporter,Q86VL8
DB06137,has_transporter,Q9Y6L6
DB06137,has_transporter,Q9NPD5
DB06137,has_transporter,O15245
DB06137,has_transporter,O15244
DB06151,has_transporter,Q9Y6L6
DB06151,has_transporter,Q4U2R8
DB06176,has_transporter,P08183
DB06176,has_transporter,Q9NPD5
DB06191,has_transporter,P08183
DB06207,has_transporter,P08183
DB06207,has_transporter,P21439
DB06210,has_transporter,Q9Y6L6
DB06210,has_transporter,Q9UNQ0
DB06211,has_transporter,Q8TCC7
DB06212,has_transporter,P08183
DB06215,has_transporter,P02787
DB06215,has_transporter,P02792
DB06215,has_transporter,P02794
DB06228,has_transporter,P08183
DB06228,has_transporter,Q9UNQ0
DB06240,has_transporter,P08183
DB06262,has_transporter,P23975
DB06262,has_transporter,Q8TF71
DB06263,has_transporter,Q2M3G0
DB06282,has_transporter,Q9NSA0
DB06287,has_transporter,P08183
DB06290,has_transporter,P08183
DB06290,has_transporter,Q9Y6L6
DB06290,has_transporter,Q9NPD5
DB06290,has_transporter,Q92887
DB06290,has_transporter,Q9UNQ0
DB06290,has_transporter,O94956
DB06290,has_transporter,Q14973
DB06290,has_transporter,O95342
DB06292,has_transporter,P08183
DB06335,has_transporter,P33527
DB06335,has_transporter,Q6ZQN7
DB06335,has_transporter,Q8TCC7
DB06403,has_transporter,P08183
DB06403,has_transporter,Q9Y6L6
DB06403,has_transporter,Q9NPD5
DB06414,has_transporter,P08183
DB06414,has_transporter,P21439
DB06419,has_transporter,P08183
DB06420,has_transporter,P08183
DB06448,has_transporter,P08183
DB06448,has_transporter,Q9Y6L6
DB06448,has_transporter,Q9NPD5
DB06448,has_transporter,Q9UNQ0
DB06448,has_transporter,Q92887
DB06480,has_transporter,P08183
DB06554,has_transporter,Q7Z2H8
DB06589,has_transporter,P08183
DB06589,has_transporter,Q9UNQ0
DB06589,has_transporter,Q9Y6L6
DB06589,has_transporter,P22309
DB06603,has_transporter,P08183
DB06605,has_transporter,P08183
DB06605,has_transporter,Q9UNQ0
DB06608,has_transporter,O15244
DB06608,has_transporter,Q96FL8
DB06608,has_transporter,Q86VL8
DB06616,has_transporter,P08183
DB06626,has_transporter,P08183
DB06626,has_transporter,Q9Y6L6
DB06636,has_transporter,P08183
DB06637,has_transporter,O15244
DB06654,has_transporter,Q9UNQ0
DB06654,has_transporter,Q9UIG8
DB06670,has_transporter,P08183
DB06691,has_transporter,Q9H015
DB06691,has_transporter,O76082
DB06695,has_transporter,P08183
DB06702,has_transporter,P08183
DB06704,has_transporter,P23975
DB06710,has_transporter,P46721
DB06710,has_transporter,Q8TCC7
DB06721,has_transporter,Q9Y6L6
DB06772,has_transporter,P08183
DB06772,has_transporter,Q9UNQ0
DB06772,has_transporter,Q9Y6L6
DB06772,has_transporter,Q9NPD5
DB06778,has_transporter,P02768
DB06778,has_transporter,P00450
DB06784,has_transporter,Q19KS1
DB06784,has_transporter,P02792
DB06784,has_transporter,P02794
DB06796,has_transporter,P49281
DB06813,has_transporter,P41440
DB06813,has_transporter,Q92887
DB06813,has_transporter,Q9UNQ0
DB06824,has_transporter,G3X745
DB07565,has_transporter,P08183
DB08795,has_transporter,O76082
DB08795,has_transporter,P46059
DB08795,has_transporter,Q16348
DB08816,has_transporter,P08183
DB08820,has_transporter,P08183
DB08824,has_transporter,Q01959
DB08827,has_transporter,P08183
DB08828,has_transporter,P08183
DB08828,has_transporter,Q9UNQ0
DB08830,has_transporter,P11166
DB08831,has_transporter,P11166
DB08833,has_transporter,P46721
DB08833,has_transporter,Q9UPY5
DB08834,has_transporter,P46721
DB08834,has_transporter,Q9UPY5
DB08835,has_transporter,Q7Z2H8
DB08836,has_transporter,P46059
DB08836,has_transporter,P46721
DB08837,has_transporter,O15245
DB08837,has_transporter,O15244
DB08837,has_transporter,O75751
DB08837,has_transporter,Q9H015
DB08837,has_transporter,O76082
DB08837,has_transporter,Q8TCC7
DB08837,has_transporter,Q96FL8
DB08838,has_transporter,O15245
DB08838,has_transporter,O15244
DB08838,has_transporter,O75751
DB08838,has_transporter,Q9UM01
DB08839,has_transporter,O15244
DB08840,has_transporter,O15244
DB08840,has_transporter,Q96FL8
DB08840,has_transporter,Q86VL8
DB08841,has_transporter,O75751
DB08842,has_transporter,O76082
DB08842,has_transporter,Q9WTN6
DB08843,has_transporter,Q4U2R8
DB08844,has_transporter,Q4U2R8
DB08844,has_transporter,Q8TCC7
DB08844,has_transporter,Q9NRM0
DB08846,has_transporter,Q4U2R8
DB08846,has_transporter,Q9NSA0
DB08847,has_transporter,Q7Z2H8
DB08849,has_transporter,Q7Z2H8
DB08855,has_transporter,Q9Y6L6
DB08855,has_transporter,Q9NPD5
DB08856,has_transporter,Q9Y6L6
DB08857,has_transporter,Q9Y6L6
DB08858,has_transporter,Q9Y6L6
DB08860,has_transporter,Q9Y6L6
DB08860,has_transporter,Q9NPD5
DB08860,has_transporter,O94956
DB08860,has_transporter,Q14973
DB08860,has_transporter,Q9UNQ0
DB08860,has_transporter,P08183
DB08860,has_transporter,Q92887
DB08860,has_transporter,O95342
DB08861,has_transporter,Q9NPD5
DB08862,has_transporter,Q9NPD5
DB08862,has_transporter,Q9Y6L6
DB08862,has_transporter,O94956
DB08864,has_transporter,P08183
DB08864,has_transporter,Q9UNQ0
DB08864,has_transporter,Q9Y6L6
DB08864,has_transporter,Q9NPD5
DB08865,has_transporter,P08183
DB08868,has_transporter,P43004
DB08868,has_transporter,P43003
DB08868,has_transporter,P08183
DB08868,has_transporter,P33527
DB08870,has_transporter,Q2M3G0
DB08872,has_transporter,Q8N695
DB08872,has_transporter,Q9Y289
DB08873,has_transporter,P08183
DB08874,has_transporter,P08183
DB08878,has_transporter,Q96NT5
DB08880,has_transporter,Q9UNQ0
DB08880,has_transporter,Q9Y6L6
DB08881,has_transporter,P33527
DB08881,has_transporter,Q9UNQ0
DB08881,has_transporter,P08183
DB08882,has_transporter,P08183
DB08882,has_transporter,O15245
DB08882,has_transporter,O15244
DB08882,has_transporter,O75751
DB08884,has_transporter,Q9Y6L6
DB08884,has_transporter,Q9NPD5
DB08884,has_transporter,O15438
DB08884,has_transporter,Q92887
DB08884,has_transporter,O15439
DB08889,has_transporter,P08183
DB08892,has_transporter,P53985
DB08893,has_transporter,P08183
DB08893,has_transporter,P46721
DB08896,has_transporter,P08183
DB08896,has_transporter,Q9UNQ0
DB08899,has_transporter,P08183
DB08901,has_transporter,P08183
DB08901,has_transporter,Q9UNQ0
DB08906,has_transporter,P08183
DB08906,has_transporter,Q9Y6L6
DB08907,has_transporter,P08183
DB08907,has_transporter,Q92887
DB08907,has_transporter,Q9UNQ0
DB08910,has_transporter,P08183
DB08912,has_transporter,P08183
DB08912,has_transporter,Q9UNQ0
DB08912,has_transporter,Q9Y6L6
DB08912,has_transporter,Q9NPD5
DB08912,has_transporter,Q4U2R8
DB08912,has_transporter,Q8TCC7
DB08916,has_transporter,P08183
DB08916,has_transporter,Q9UNQ0
DB08918,has_transporter,P08183
DB08930,has_transporter,O15244
DB08930,has_transporter,Q9UNQ0
DB08930,has_transporter,Q4U2R8
DB08930,has_transporter,Q8TCC7
DB08930,has_transporter,P08183
DB08931,has_transporter,Q9UNQ0
DB08934,has_transporter,P08183
DB08934,has_transporter,Q9UNQ0
DB08949,has_transporter,Q8N695
DB09008,has_transporter,Q4U2R8
DB09008,has_transporter,Q8TCC7
DB09026,has_transporter,P08183
DB09027,has_transporter,P08183
DB09027,has_transporter,Q9UNQ0
DB09030,has_transporter,P08183
DB09034,has_transporter,P08183
DB09038,has_transporter,P08183
DB09038,has_transporter,Q9UNQ0
DB09038,has_transporter,Q8TCC7
DB09038,has_transporter,Q9Y6L6
DB09038,has_transporter,Q9NPD5
DB09039,has_transporter,P08183
DB09048,has_transporter,P08183
DB09054,has_transporter,Q9UNQ0
DB09054,has_transporter,P08183
DB09054,has_transporter,Q9Y6L6
DB09054,has_transporter,Q9NPD5
DB09060,has_transporter,Q92887
DB09060,has_transporter,Q8TCC7
DB09061,has_transporter,P33527
DB09061,has_transporter,Q9UNQ0
DB09061,has_transporter,Q99808
DB09063,has_transporter,P08183
DB09065,has_transporter,P08183
DB09065,has_transporter,Q9UNQ0
DB09065,has_transporter,Q9Y6L6
DB09065,has_transporter,Q9NPD5
DB09073,has_transporter,P08183
DB09073,has_transporter,Q9UNQ0
DB09073,has_transporter,O15245
DB09074,has_transporter,P08183
DB09074,has_transporter,Q9UNQ0
DB09075,has_transporter,P08183
DB09076,has_transporter,P08183
DB09078,has_transporter,P08183
DB09078,has_transporter,Q9UNQ0
DB09078,has_transporter,Q4U2R8
DB09078,has_transporter,Q8TCC7
DB09078,has_transporter,O15244
DB09078,has_transporter,Q9Y6L6
DB09078,has_transporter,O95342
DB09079,has_transporter,P08183
DB09079,has_transporter,O15245
DB09079,has_transporter,Q9UNQ0
DB09099,has_transporter,P08183
DB09100,has_transporter,P36021
DB09100,has_transporter,Q9NYB5
DB09100,has_transporter,Q9UIG8
DB09100,has_transporter,Q96BD0
DB09100,has_transporter,Q01650
DB09100,has_transporter,Q14973
DB09102,has_transporter,P08183
DB09102,has_transporter,Q9Y6L6
DB09102,has_transporter,Q9NPD5
DB09102,has_transporter,Q9UNQ0
DB09130,has_transporter,O15431
DB09130,has_transporter,P49281
DB09130,has_transporter,Q04656
DB09130,has_transporter,P35670
DB09130,has_transporter,O15432
DB09137,has_transporter,Q9Y6L6
DB09137,has_transporter,Q9NPD5
DB09142,has_transporter,Q9NPD5
DB09154,has_transporter,Q9BQT8
DB09154,has_transporter,Q13183
DB09154,has_transporter,Q86YT5
DB09154,has_transporter,P53007
DB09161,has_transporter,P08183
DB09161,has_transporter,P33527
DB09183,has_transporter,Q9UNQ0
DB09183,has_transporter,Q2M3G0
DB09183,has_transporter,P08183
DB09194,has_transporter,P31645
DB09194,has_transporter,P23975
DB09194,has_transporter,Q01959
DB09198,has_transporter,Q9Y6L6
DB09198,has_transporter,Q9UIG8
DB09198,has_transporter,P08183
DB09213,has_transporter,O15439
DB09213,has_transporter,P33527
DB09213,has_transporter,P46721
DB09213,has_transporter,Q4U2R8
DB09213,has_transporter,Q8TCC7
DB09213,has_transporter,Q9NSA0
DB09213,has_transporter,O94956
DB09213,has_transporter,P08183
DB09237,has_transporter,P08183
DB09237,has_transporter,Q12908
DB09237,has_transporter,O76082
DB09239,has_transporter,P08183
DB09241,has_transporter,P08183
DB09241,has_transporter,O15244
DB09241,has_transporter,Q86VL8
DB09241,has_transporter,Q96FL8
DB09270,has_transporter,P08183
DB09272,has_transporter,Q9Y6L6
DB09272,has_transporter,Q92887
DB09272,has_transporter,Q8TCC7
DB09274,has_transporter,Q9UNQ0
DB09274,has_transporter,P08183
DB09274,has_transporter,Q9Y6L6
DB09274,has_transporter,Q8TCC7
DB09279,has_transporter,Q9Y6L6
DB09279,has_transporter,Q9UNQ0
DB09280,has_transporter,P08183
DB09287,has_transporter,P08183
DB09291,has_transporter,Q9UNQ0
DB09291,has_transporter,P08183
DB09292,has_transporter,Q9Y6L6
DB09292,has_transporter,Q9NPD5
DB09296,has_transporter,P08183
DB09296,has_transporter,P22310
DB09296,has_transporter,Q9UNQ0
DB09297,has_transporter,Q9UNQ0
DB09297,has_transporter,P08183
DB09297,has_transporter,Q9Y6L6
DB09297,has_transporter,Q9NPD5
DB09298,has_transporter,Q4U2R8
DB09298,has_transporter,Q9Y6L6
DB09298,has_transporter,Q9NPD5
DB09298,has_transporter,O94956
DB09299,has_transporter,P08183
DB09299,has_transporter,O15439
DB09299,has_transporter,Q4U2R8
DB09299,has_transporter,Q8TCC7
DB09299,has_transporter,Q9UNQ0
DB09299,has_transporter,Q9Y6L6
DB09299,has_transporter,Q9NPD5
DB09326,has_transporter,Q9UBD6
DB09327,has_transporter,Q9Y694
DB09327,has_transporter,Q99808
DB09327,has_transporter,Q14542
DB09327,has_transporter,O00337
DB09327,has_transporter,O43868
DB09327,has_transporter,Q9HAS3
DB09330,has_transporter,P08183
DB09330,has_transporter,Q9UNQ0
DB09341,has_transporter,P11166
DB09341,has_transporter,P11168
DB09341,has_transporter,P11169
DB09341,has_transporter,P14672
DB09341,has_transporter,Q9UGQ3
DB09341,has_transporter,Q6PXP3
DB09341,has_transporter,Q9NY64
DB09341,has_transporter,Q9NRM0
DB09341,has_transporter,O95528
DB09341,has_transporter,Q9BYW1
DB09341,has_transporter,Q8TD20
DB09341,has_transporter,P13866
DB09343,has_transporter,O15244
DB09343,has_transporter,Q96FL8
DB09344,has_transporter,P11168
DB09344,has_transporter,P22732
DB09363,has_transporter,P23975
DB09363,has_transporter,Q99870
DB09374,has_transporter,Q92887
DB09374,has_transporter,O95342
DB09449,has_transporter,Q8WUM9
DB09449,has_transporter,Q08357
DB09449,has_transporter,Q06495
DB09449,has_transporter,O95436
DB09449,has_transporter,Q8N130
DB09462,has_transporter,O14520
DB09462,has_transporter,O43315
DB09462,has_transporter,P0AER0
DB09481,has_transporter,Q9BX84
DB09481,has_transporter,Q96GZ6
DB09481,has_transporter,Q9H8M5
DB09481,has_transporter,Q96QT4
DB09498,has_transporter,P32418
DB09498,has_transporter,Q9P0X4
DB09502,has_transporter,P14672
DB09502,has_transporter,P11168
DB09502,has_transporter,P11166
DB09502,has_transporter,P11169
DB09502,has_transporter,Q9NRM0
DB09502,has_transporter,P22732
DB09502,has_transporter,Q9UGQ3
DB09502,has_transporter,Q6PXP3
DB09502,has_transporter,Q9NY64
DB09502,has_transporter,O95528
DB09502,has_transporter,Q9BYW1
DB09502,has_transporter,Q8TD20
DB09546,has_transporter,P23975
DB11077,has_transporter,P08183
DB11090,has_transporter,P15941
DB11093,has_transporter,Q9H1D0
DB11093,has_transporter,P32418
DB11093,has_transporter,Q9NQA5
DB11093,has_transporter,P21817
DB11093,has_transporter,Q92736
DB11093,has_transporter,Q9P0L9
DB11093,has_transporter,Q15413
DB11093,has_transporter,Q7Z443
DB11093,has_transporter,Q8NEC5
DB11093,has_transporter,O00555
DB11093,has_transporter,Q15878
DB11098,has_transporter,P55011
DB11098,has_transporter,Q13621
DB11127,has_transporter,P49908
DB11251,has_transporter,P49638
DB11251,has_transporter,Q9UDX3
DB11251,has_transporter,O76054
DB11251,has_transporter,Q9UDX4
DB11251,has_transporter,Q0VD83
DB11251,has_transporter,Q8WTV0
DB11251,has_transporter,P08183
DB11256,has_transporter,Q96NT5
DB11256,has_transporter,P41440
DB11348,has_transporter,Q8WUM9
DB11348,has_transporter,Q08357
DB11348,has_transporter,Q06495
DB11348,has_transporter,O95436
DB11348,has_transporter,Q8N130
DB11348,has_transporter,Q9H1D0
DB11348,has_transporter,P32418
DB11348,has_transporter,Q9NQA5
DB11348,has_transporter,P21817
DB11348,has_transporter,Q92736
DB11348,has_transporter,Q9P0L9
DB11348,has_transporter,Q15413
DB11348,has_transporter,Q7Z443
DB11348,has_transporter,Q8NEC5
DB11348,has_transporter,O00555
DB11348,has_transporter,Q15878
DB11362,has_transporter,Q9Y6L6
DB11362,has_transporter,Q9NPD5
DB11362,has_transporter,P08183
DB11363,has_transporter,Q9UNQ0
DB11363,has_transporter,P08183
DB11430,has_transporter,P08183
DB11544,has_transporter,P08183
DB11574,has_transporter,P08183
DB11575,has_transporter,P08183
DB11575,has_transporter,Q9Y6L6
DB11575,has_transporter,Q9NPD5
DB11581,has_transporter,P08183
DB11581,has_transporter,Q9UNQ0
DB11581,has_transporter,Q9Y6L6
DB11586,has_transporter,Q9Y6L6
DB11586,has_transporter,Q9NPD5
DB11586,has_transporter,O94956
DB11586,has_transporter,P08183
DB11590,has_transporter,Q14643
DB11591,has_transporter,Q2M3G0
DB11591,has_transporter,P46721
DB11591,has_transporter,O94956
DB11611,has_transporter,P46721
DB11611,has_transporter,O94956
DB11613,has_transporter,P08183
DB11613,has_transporter,Q9UNQ0
DB11613,has_transporter,Q9Y6L6
DB11613,has_transporter,Q9NPD5
DB11613,has_transporter,O94956
DB11633,has_transporter,P08183
DB11633,has_transporter,Q9UNQ0
DB11633,has_transporter,O15244
DB11635,has_transporter,P49638
DB11635,has_transporter,Q8WTV0
DB11635,has_transporter,Q9UHC9
DB11635,has_transporter,Q9H222
DB11635,has_transporter,Q9H221
DB11635,has_transporter,O95477
DB11635,has_transporter,Q9UDX3
DB11635,has_transporter,O76054
DB11635,has_transporter,Q9UDX4
DB11635,has_transporter,Q0VD83
DB11641,has_transporter,Q2M3G0
DB11641,has_transporter,P08183
DB11642,has_transporter,O15245
DB11644,has_transporter,Q9UNQ0
DB11644,has_transporter,Q4U2R8
DB11644,has_transporter,Q8TCC7
DB11652,has_transporter,Q9UNQ0
DB11652,has_transporter,P08183
DB11652,has_transporter,O15244
DB11652,has_transporter,Q96FL8
DB11652,has_transporter,Q86VL8
DB11660,has_transporter,O94956
DB11672,has_transporter,P08183
DB11689,has_transporter,P08183
DB11689,has_transporter,Q9UNQ0
DB11691,has_transporter,Q2M3G0
DB11712,has_transporter,P08183
DB11712,has_transporter,Q9UNQ0
DB11732,has_transporter,P08183
DB11732,has_transporter,Q9UNQ0
DB11732,has_transporter,O15245
DB11732,has_transporter,Q96FL8
DB11732,has_transporter,Q86VL8
DB11751,has_transporter,Q4U2R8
DB11751,has_transporter,Q8TCC7
DB11753,has_transporter,P46721
DB11753,has_transporter,Q9Y6L6
DB11753,has_transporter,Q9NPD5
DB11753,has_transporter,Q92959
DB11753,has_transporter,O94956
DB11753,has_transporter,Q96FL8
DB11753,has_transporter,P08183
DB11757,has_transporter,P08183
DB11757,has_transporter,Q9UNQ0
DB11757,has_transporter,Q9Y6L6
DB11757,has_transporter,Q9NPD5
DB11757,has_transporter,Q4U2R8
DB11757,has_transporter,P09086
DB11757,has_transporter,Q96FL8
DB11757,has_transporter,Q86VL8
DB11760,has_transporter,P08183
DB11760,has_transporter,Q9UNQ0
DB11770,has_transporter,P08183
DB11770,has_transporter,Q92887
DB11791,has_transporter,P08183
DB11791,has_transporter,Q96FL8
DB11791,has_transporter,Q86VL8
DB11791,has_transporter,Q9UNQ0
DB11796,has_transporter,P08183
DB11796,has_transporter,Q9UNQ0
DB11796,has_transporter,Q9Y6L6
DB11796,has_transporter,Q9NPD5
DB11817,has_transporter,Q8TCC7
DB11817,has_transporter,Q9UNQ0
DB11817,has_transporter,Q86VL8
DB11817,has_transporter,Q4U2R8
DB11817,has_transporter,O15244
DB11817,has_transporter,Q9NPD5
DB11817,has_transporter,P08183
DB11820,has_transporter,Q9UNQ0
DB11827,has_transporter,P08183
DB11827,has_transporter,Q9UNQ0
DB11828,has_transporter,P08183
DB11837,has_transporter,Q9Y6L6
DB11837,has_transporter,O15245
DB11837,has_transporter,O15244
DB11837,has_transporter,Q4U2R8
DB11837,has_transporter,Q8TCC7
DB11837,has_transporter,Q96FL8
DB11853,has_transporter,P08183
DB11853,has_transporter,Q9UNQ0
DB11855,has_transporter,Q9Y6L6
DB11855,has_transporter,Q9NPD5
DB11855,has_transporter,P08183
DB11855,has_transporter,Q9UNQ0
DB11869,has_transporter,Q9Y6L6
DB11869,has_transporter,Q9NPD5
DB11869,has_transporter,P08183
DB11901,has_transporter,P08183
DB11901,has_transporter,Q9UNQ0
DB11901,has_transporter,Q9Y6L6
DB11901,has_transporter,O15244
DB11901,has_transporter,Q8TCC7
DB11901,has_transporter,Q86VL8
DB11901,has_transporter,Q96FL8
DB11936,has_transporter,Q9Y6L6
DB11936,has_transporter,O15438
DB11936,has_transporter,Q9NPD5
DB11942,has_transporter,Q9NPD5
DB11943,has_transporter,Q2M3G0
DB11943,has_transporter,Q9UNQ0
DB11951,has_transporter,P08183
DB11952,has_transporter,P08183
DB11952,has_transporter,Q9UNQ0
DB11963,has_transporter,P08183
DB11963,has_transporter,Q9UNQ0
DB11963,has_transporter,O15245
DB11978,has_transporter,P08183
DB11978,has_transporter,Q9UNQ0
DB11978,has_transporter,Q96FL8
DB11978,has_transporter,Q86VL8
DB11979,has_transporter,P08183
DB11979,has_transporter,Q9Y6L6
DB11986,has_transporter,P08183
DB11995,has_transporter,P08183
DB12001,has_transporter,Q96FL8
DB12001,has_transporter,Q86VL8
DB12001,has_transporter,O15244
DB12001,has_transporter,Q9UNQ0
DB12001,has_transporter,P08183
DB12010,has_transporter,Q9UNQ0
DB12010,has_transporter,Q2M3G0
DB12015,has_transporter,Q9UNQ0
DB12015,has_transporter,P08183
DB12026,has_transporter,P08183
DB12026,has_transporter,Q9UNQ0
DB12026,has_transporter,Q9Y6L6
DB12026,has_transporter,Q9NPD5
DB12035,has_transporter,P08183
DB12070,has_transporter,Q9Y6L6
DB12070,has_transporter,Q9NPD5
DB12070,has_transporter,P08183
DB12070,has_transporter,Q9UNQ0
DB12070,has_transporter,O95342
DB12070,has_transporter,Q8TCC7
DB12070,has_transporter,Q92887
DB12141,has_transporter,P08183
DB12141,has_transporter,Q96FL8
DB12141,has_transporter,Q9UNQ0
DB12141,has_transporter,O15245
DB12147,has_transporter,P08183
DB12147,has_transporter,O15244
DB12240,has_transporter,P40259
DB12243,has_transporter,Q4U2R8
DB12243,has_transporter,Q8TCC7
DB12267,has_transporter,Q2M3G0
DB12267,has_transporter,Q9UNQ0
DB12267,has_transporter,O15245
DB12267,has_transporter,Q96FL8
DB12267,has_transporter,Q86VL8
DB12319,has_transporter,Q9Y6L6
DB12319,has_transporter,O94956
DB12319,has_transporter,O95342
DB12332,has_transporter,P08183
DB12332,has_transporter,Q9UNQ0
DB12332,has_transporter,Q96FL8
DB12332,has_transporter,Q86VL8
DB12332,has_transporter,O15245
DB12332,has_transporter,O15439
DB12332,has_transporter,Q9Y6L6
DB12332,has_transporter,Q9NPD5
DB12332,has_transporter,Q4U2R8
DB12332,has_transporter,Q8TCC7
DB12364,has_transporter,P08183
DB12364,has_transporter,Q12809
DB12377,has_transporter,Q8TCC7
DB12377,has_transporter,Q9NSA0
DB12377,has_transporter,Q96FL8
DB12377,has_transporter,Q86VL8
DB12455,has_transporter,P08183
DB12457,has_transporter,P08183
DB12457,has_transporter,Q9UNQ0
DB12457,has_transporter,Q9Y6L6
DB12457,has_transporter,Q8TCC7
DB12457,has_transporter,Q9NPD5
DB12457,has_transporter,O15244
DB12457,has_transporter,Q96FL8
DB12466,has_transporter,P08183
DB12466,has_transporter,Q4U2R8
DB12466,has_transporter,Q8TCC7
DB12466,has_transporter,Q96S37
DB12483,has_transporter,P08183
DB12483,has_transporter,Q9UNQ0
DB12483,has_transporter,Q86VL8
DB12500,has_transporter,P08183
DB12500,has_transporter,Q9UNQ0
DB12500,has_transporter,Q9Y6L6
DB12500,has_transporter,Q9NPD5
DB12500,has_transporter,P09086
DB12500,has_transporter,Q96FL8
DB12500,has_transporter,Q86VL8
DB12582,has_transporter,P08183
DB12598,has_transporter,O15245
DB12598,has_transporter,O15244
DB12612,has_transporter,P27338
DB12612,has_transporter,Q9UNQ0
DB12612,has_transporter,P08183
DB12615,has_transporter,Q96FL8
DB12615,has_transporter,Q86VL8
DB12674,has_transporter,P08183
DB12674,has_transporter,Q9Y6L6
DB12674,has_transporter,Q9NPD5
DB12674,has_transporter,O15245
DB12712,has_transporter,O95342
DB12799,has_transporter,P08183
DB12825,has_transporter,P08183
DB12836,has_transporter,P08183
DB12866,has_transporter,Q8TCC7
DB12887,has_transporter,P08183
DB12887,has_transporter,Q96FL8
DB12887,has_transporter,Q86VL8
DB12887,has_transporter,Q9UNQ0
DB12923,has_transporter,P08183
DB12941,has_transporter,Q9UNQ0
DB12941,has_transporter,P08183
DB12941,has_transporter,Q9Y6L6
DB12941,has_transporter,Q9NPD5
DB12978,has_transporter,Q96FL8
DB12978,has_transporter,Q86VL8
DB12978,has_transporter,Q9Y6L6
DB12978,has_transporter,Q9NPD5
DB12978,has_transporter,O94956
DB13007,has_transporter,P08183
DB13092,has_transporter,P02931
DB13092,has_transporter,Q9K597
DB13125,has_transporter,P08183
DB13125,has_transporter,Q9UNQ0
DB13139,has_transporter,Q9Y6L6
DB13139,has_transporter,Q9NPD5
DB13146,has_transporter,O15439
DB13153,has_transporter,Q9Y6L6
DB13153,has_transporter,Q9NPD5
DB13154,has_transporter,Q9NPD5
DB13178,has_transporter,P53794
DB13179,has_transporter,P08183
DB13257,has_transporter,P49281
DB13257,has_transporter,Q9NP59
DB13345,has_transporter,O95342
DB13620,has_transporter,P05023
DB13620,has_transporter,Q13621
DB13751,has_transporter,O95342
DB13783,has_transporter,P33527
DB13867,has_transporter,P08183
DB13867,has_transporter,Q9Y6L6
DB13874,has_transporter,P08183
DB13874,has_transporter,Q9UNQ0
DB13874,has_transporter,Q4U2R8
DB13874,has_transporter,Q9Y6L6
DB13874,has_transporter,O15244
DB13874,has_transporter,Q9NPD5
DB13874,has_transporter,Q8TCC7
DB13878,has_transporter,P08183
DB13878,has_transporter,Q9UNQ0
DB13878,has_transporter,Q9Y6L6
DB13878,has_transporter,Q9NPD5
DB13879,has_transporter,P08183
DB13879,has_transporter,Q9UNQ0
DB13879,has_transporter,Q9Y6L6
DB13879,has_transporter,Q9NPD5
DB13919,has_transporter,P08183
DB13919,has_transporter,Q9Y6L6
DB13943,has_transporter,P46721
DB13943,has_transporter,Q8TCC7
DB13943,has_transporter,Q9Y694
DB13943,has_transporter,P08183
DB13943,has_transporter,Q14973
DB13943,has_transporter,O75751
DB13943,has_transporter,Q9H015
DB13943,has_transporter,Q9UNQ0
DB13944,has_transporter,P46721
DB13944,has_transporter,Q8TCC7
DB13944,has_transporter,Q9Y694
DB13944,has_transporter,P08183
DB13944,has_transporter,Q14973
DB13944,has_transporter,O75751
DB13944,has_transporter,Q9H015
DB13944,has_transporter,Q9UNQ0
DB13946,has_transporter,P46721
DB13946,has_transporter,Q8TCC7
DB13946,has_transporter,Q9Y694
DB13946,has_transporter,P08183
DB13946,has_transporter,Q14973
DB13946,has_transporter,Q9H015
DB13946,has_transporter,Q9UNQ0
DB13946,has_transporter,O15244
DB13946,has_transporter,Q96FL8
DB13946,has_transporter,Q9NPD5
DB13951,has_transporter,P08183
DB13952,has_transporter,O15244
DB13952,has_transporter,O15245
DB13952,has_transporter,O75751
DB13952,has_transporter,O94956
DB13952,has_transporter,P46721
DB13952,has_transporter,Q5T3U5
DB13952,has_transporter,Q9NSA0
DB13952,has_transporter,Q9UNQ0
DB13952,has_transporter,Q9Y6L6
DB13952,has_transporter,P08183
DB13952,has_transporter,Q8TCC7
DB13952,has_transporter,Q9NPD5
DB13952,has_transporter,Q9NYB5
DB13952,has_transporter,Q96BD0
DB13953,has_transporter,O15244
DB13953,has_transporter,O15245
DB13953,has_transporter,O75751
DB13953,has_transporter,O94956
DB13953,has_transporter,P46721
DB13953,has_transporter,Q5T3U5
DB13953,has_transporter,Q9NSA0
DB13953,has_transporter,Q9UNQ0
DB13953,has_transporter,Q9Y6L6
DB13953,has_transporter,P08183
DB13953,has_transporter,Q8TCC7
DB13953,has_transporter,Q9NPD5
DB13953,has_transporter,Q9NYB5
DB13953,has_transporter,Q96BD0
DB13954,has_transporter,O15244
DB13954,has_transporter,O15245
DB13954,has_transporter,O75751
DB13954,has_transporter,O94956
DB13954,has_transporter,P46721
DB13954,has_transporter,Q5T3U5
DB13954,has_transporter,Q9NSA0
DB13954,has_transporter,Q9UNQ0
DB13954,has_transporter,Q9Y6L6
DB13954,has_transporter,P08183
DB13954,has_transporter,Q8TCC7
DB13954,has_transporter,Q9NPD5
DB13954,has_transporter,Q9NYB5
DB13954,has_transporter,Q96BD0
DB13955,has_transporter,O15244
DB13955,has_transporter,O15245
DB13955,has_transporter,O75751
DB13955,has_transporter,O94956
DB13955,has_transporter,P46721
DB13955,has_transporter,Q5T3U5
DB13955,has_transporter,Q9NSA0
DB13955,has_transporter,Q9UNQ0
DB13955,has_transporter,Q9Y6L6
DB13955,has_transporter,P08183
DB13955,has_transporter,Q8TCC7
DB13955,has_transporter,Q9NPD5
DB13955,has_transporter,Q9NYB5
DB13955,has_transporter,Q96BD0
DB13956,has_transporter,O15244
DB13956,has_transporter,O15245
DB13956,has_transporter,O75751
DB13956,has_transporter,O94956
DB13956,has_transporter,P46721
DB13956,has_transporter,Q5T3U5
DB13956,has_transporter,Q9NSA0
DB13956,has_transporter,Q9UNQ0
DB13956,has_transporter,Q9Y6L6
DB13956,has_transporter,P08183
DB13956,has_transporter,Q8TCC7
DB13956,has_transporter,Q9NPD5
DB13956,has_transporter,Q9NYB5
DB13956,has_transporter,Q96BD0
DB13997,has_transporter,Q2M3G0
DB14003,has_transporter,P49638
DB14003,has_transporter,Q9UDX3
DB14003,has_transporter,O76054
DB14003,has_transporter,Q9UDX4
DB14003,has_transporter,Q0VD83
DB14003,has_transporter,Q8WTV0
DB14003,has_transporter,P08183
DB14006,has_transporter,O15244
DB14006,has_transporter,O15245
DB14006,has_transporter,O75751
DB14006,has_transporter,O76082
DB14006,has_transporter,Q9H015
DB14006,has_transporter,Q8WWI5
DB14006,has_transporter,Q53GD3
DB14006,has_transporter,Q8N4M1
DB14006,has_transporter,Q9GZV3
DB14009,has_transporter,P33527
DB14009,has_transporter,Q9UNQ0
DB14009,has_transporter,Q99808
DB14011,has_transporter,P33527
DB14011,has_transporter,Q9UNQ0
DB14011,has_transporter,Q99808
DB14057,has_transporter,O95342
DB14057,has_transporter,P08183
DB14061,has_transporter,P08183
DB14062,has_transporter,P08183
DB14063,has_transporter,P08183
DB14064,has_transporter,P08183
DB14065,has_transporter,P08183
DB14066,has_transporter,P08183
DB14067,has_transporter,P08183
DB14069,has_transporter,P08183
DB14126,has_transporter,P08183
DB14126,has_transporter,Q4U2R8
DB14126,has_transporter,Q8TCC7
DB14126,has_transporter,O15439
DB14146,has_transporter,P08183
DB14481,has_transporter,Q8WUM9
DB14481,has_transporter,Q08357
DB14481,has_transporter,Q06495
DB14481,has_transporter,O95436
DB14481,has_transporter,Q8N130
DB14481,has_transporter,Q9H1D0
DB14481,has_transporter,P32418
DB14481,has_transporter,Q9NQA5
DB14481,has_transporter,P21817
DB14481,has_transporter,Q92736
DB14481,has_transporter,Q9P0L9
DB14481,has_transporter,Q15413
DB14481,has_transporter,Q7Z443
DB14481,has_transporter,Q8NEC5
DB14481,has_transporter,O00555
DB14481,has_transporter,Q15878
DB14500,has_transporter,P05023
DB14500,has_transporter,Q13621
DB14502,has_transporter,Q8WUM9
DB14502,has_transporter,Q08357
DB14502,has_transporter,Q06495
DB14502,has_transporter,O95436
DB14502,has_transporter,Q8N130
DB14503,has_transporter,Q8WUM9
DB14503,has_transporter,Q08357
DB14503,has_transporter,Q06495
DB14503,has_transporter,O95436
DB14503,has_transporter,Q8N130
DB14509,has_transporter,P37088
DB14509,has_transporter,P51168
DB14509,has_transporter,P51170
DB14513,has_transporter,Q9Y5I7
DB14513,has_transporter,Q9BX84
DB14513,has_transporter,Q96QT4
DB14513,has_transporter,Q8IVJ1
DB14513,has_transporter,Q96GZ6
DB14513,has_transporter,Q9HD23
DB14520,has_transporter,P49281
DB14520,has_transporter,Q9NP59
DB14533,has_transporter,Q9Y6M5
DB14533,has_transporter,Q9BRI3
DB14533,has_transporter,Q99726
DB14533,has_transporter,O14863
DB14533,has_transporter,Q6NXT4
DB14533,has_transporter,Q8TAD4
DB14533,has_transporter,Q8NEW0
DB14533,has_transporter,Q8IWU4
DB14533,has_transporter,Q6PML9
DB14533,has_transporter,Q6XR72
DB14533,has_transporter,Q9NY26
DB14533,has_transporter,Q9NP94
DB14533,has_transporter,Q9BRY0
DB14533,has_transporter,Q6P5W5
DB14533,has_transporter,Q6ZMH5
DB14533,has_transporter,Q13433
DB14533,has_transporter,Q92504
DB14533,has_transporter,Q9C0K1
DB14533,has_transporter,Q9NUM3
DB14533,has_transporter,Q9ULF5
DB14533,has_transporter,Q8N1S5
DB14533,has_transporter,Q504Y0
DB14533,has_transporter,Q96H72
DB14533,has_transporter,Q15043
DB14538,has_transporter,P08183
DB14538,has_transporter,P46721
DB14538,has_transporter,Q9UNQ0
DB14538,has_transporter,Q8TCC7
DB14539,has_transporter,P08183
DB14539,has_transporter,P46721
DB14539,has_transporter,Q9UNQ0
DB14539,has_transporter,Q8TCC7
DB14540,has_transporter,P08183
DB14540,has_transporter,P46721
DB14540,has_transporter,Q9UNQ0
DB14540,has_transporter,Q8TCC7
DB14541,has_transporter,P08183
DB14541,has_transporter,P46721
DB14541,has_transporter,Q9UNQ0
DB14541,has_transporter,Q8TCC7
DB14542,has_transporter,P08183
DB14542,has_transporter,P46721
DB14542,has_transporter,Q9UNQ0
DB14542,has_transporter,Q8TCC7
DB14543,has_transporter,P08183
DB14543,has_transporter,P46721
DB14543,has_transporter,Q9UNQ0
DB14543,has_transporter,Q8TCC7
DB14544,has_transporter,P08183
DB14544,has_transporter,P46721
DB14544,has_transporter,Q9UNQ0
DB14544,has_transporter,Q8TCC7
DB14548,has_transporter,Q9ULF5
DB14548,has_transporter,Q8NEW0
DB14548,has_transporter,O14863
DB14548,has_transporter,Q13433
DB14548,has_transporter,Q6ZMH5
DB14548,has_transporter,Q9NP94
DB14548,has_transporter,Q6PML9
DB14548,has_transporter,Q9Y6M5
DB14548,has_transporter,Q9BRI3
DB14548,has_transporter,Q92504
DB14548,has_transporter,Q6P5W5
DB14548,has_transporter,Q99726
DB14548,has_transporter,Q8IWU4
DB14548,has_transporter,Q504Y0
DB14548,has_transporter,Q8TAD4
DB14548,has_transporter,Q6XR72
DB14548,has_transporter,Q96H72
DB14548,has_transporter,Q9C0K1
DB14548,has_transporter,Q9NY26
DB14548,has_transporter,Q15043
DB14548,has_transporter,Q9BRY0
DB14548,has_transporter,Q9NUM3
DB14548,has_transporter,Q8N1S5
DB14548,has_transporter,Q6NXT4
DB14568,has_transporter,Q8TCC7
DB14568,has_transporter,P08183
DB14631,has_transporter,P46721
DB14631,has_transporter,P08183
DB14631,has_transporter,Q8TCC7
DB14635,has_transporter,P08183
DB14641,has_transporter,P46721
DB14641,has_transporter,P08183
DB14642,has_transporter,Q92887
DB14649,has_transporter,O95342
DB14649,has_transporter,P08183
DB14649,has_transporter,Q92887
DB14649,has_transporter,P46721
DB14649,has_transporter,Q9UNQ0
DB14649,has_transporter,Q8TCC7
DB14669,has_transporter,P46721
DB14669,has_transporter,P08183
DB14669,has_transporter,Q8TCC7
DB14723,has_transporter,P08183
DB14723,has_transporter,Q9UNQ0
DB00781,has_transporter,Q16348
DB14754,has_transporter,O15244
DB14754,has_transporter,Q9H015
DB14754,has_transporter,O76082
DB14761,has_transporter,Q9Y6L6
DB14761,has_transporter,P08183
DB14761,has_transporter,Q9NPD5
DB14761,has_transporter,Q96FL8
DB14761,has_transporter,O95342
DB14761,has_transporter,O15439
DB14761,has_transporter,Q14973
DB14840,has_transporter,P08183
DB14840,has_transporter,Q9UNQ0
DB14840,has_transporter,Q96FL8
DB14845,has_transporter,P08183
DB14879,has_transporter,P75780
DB14879,has_transporter,P17315
DB14879,has_transporter,A0A0H2ZGX7
DB14895,has_transporter,P08183
DB14962,has_transporter,P08183
DB14962,has_transporter,Q9Y6L6
DB14962,has_transporter,Q9NPD5
DB14962,has_transporter,Q86VL8
DB14962,has_transporter,P33527
DB14962,has_transporter,Q9UNQ0
DB15035,has_transporter,P08183
DB15091,has_transporter,P08183
DB15091,has_transporter,Q9UNQ0
DB15091,has_transporter,Q9Y6L6
DB15102,has_transporter,P08183
DB15102,has_transporter,Q9UNQ0
DB15102,has_transporter,O15244
DB15102,has_transporter,Q96FL8
DB15233,has_transporter,P08183
DB15233,has_transporter,Q9UNQ0
DB15305,has_transporter,Q96FL8
DB15305,has_transporter,Q86VL8
DB15305,has_transporter,P08183
DB15305,has_transporter,Q9UNQ0
DB15328,has_transporter,P08183
DB15328,has_transporter,Q9UNQ0
DB15328,has_transporter,Q9Y6L6
DB15328,has_transporter,Q9NPD5
DB15328,has_transporter,Q4U2R8
DB15328,has_transporter,O15244
DB15444,has_transporter,Q9Y6L6
DB15444,has_transporter,Q9NPD5
DB15444,has_transporter,P08183
DB15566,has_transporter,P46721
DB15566,has_transporter,P08183
DB15598,has_transporter,P05106
DB15598,has_transporter,P49281
DB15685,has_transporter,P08183
DB15685,has_transporter,Q9UNQ0
DB15685,has_transporter,Q96FL8
DB15719,has_transporter,Q9Y6L6
DB15719,has_transporter,Q9NPD5
DB15719,has_transporter,P33527
DB15719,has_transporter,Q92887
DB15719,has_transporter,O15438
DB15719,has_transporter,O95342
DB15719,has_transporter,P08183
DB15822,has_transporter,P08183
DB15822,has_transporter,Q9UNQ0
DB15822,has_transporter,Q9Y6L6
DB15822,has_transporter,Q9NPD5
DB15822,has_transporter,Q4U2R8
DB15822,has_transporter,Q96FL8
DB15822,has_transporter,Q86VL8
DB15822,has_transporter,O95342
DB15874,has_transporter,P20645
DB15982,has_transporter,P08183
DB15982,has_transporter,Q9UNQ0
